ω,,,,,,,,,
=2*PI()*366.25/365.25,,,,,,,,,
n,θ,b,t0,t1,t2,t3,=A3,tn',tn
0,0,=C5,0,=D4-($A$2*D4-2*$A4*PI()-$C4*(D4-$A4)-$B4)/($A$2-$C4),=E4-($A$2*E4-2*$A4*PI()-$C4*(E4-$A4)-$B4)/($A$2-$C4),=F4-($A$2*F4-2*$A4*PI()-$C4*(F4-$A4)-$B4)/($A$2-$C4),=A4,=J4-H4,=G4
1,0.0177891476098642,=(B6-B4)/2,=G4+1,=D5-($A$2*D5-2*$A5*PI()-$C5*(D5-$A5)-$B5)/($A$2-$C5),=E5-($A$2*E5-2*$A5*PI()-$C5*(E5-$A5)-$B5)/($A$2-$C5),=F5-($A$2*F5-2*$A5*PI()-$C5*(F5-$A5)-$B5)/($A$2-$C5),=A5,=J5-H5,=G5
2,0.0355781103148196,=(B7-B5)/2,=G5+1,=D6-($A$2*D6-2*$A6*PI()-$C6*(D6-$A6)-$B6)/($A$2-$C6),=E6-($A$2*E6-2*$A6*PI()-$C6*(E6-$A6)-$B6)/($A$2-$C6),=F6-($A$2*F6-2*$A6*PI()-$C6*(F6-$A6)-$B6)/($A$2-$C6),=A6,=J6-H6,=G6
3,0.0533667032790366,=(B8-B6)/2,=G6+1,=D7-($A$2*D7-2*$A7*PI()-$C7*(D7-$A7)-$B7)/($A$2-$C7),=E7-($A$2*E7-2*$A7*PI()-$C7*(E7-$A7)-$B7)/($A$2-$C7),=F7-($A$2*F7-2*$A7*PI()-$C7*(F7-$A7)-$B7)/($A$2-$C7),=A7,=J7-H7,=G7
4,0.0711547418048027,=(B9-B7)/2,=G7+1,=D8-($A$2*D8-2*$A8*PI()-$C8*(D8-$A8)-$B8)/($A$2-$C8),=E8-($A$2*E8-2*$A8*PI()-$C8*(E8-$A8)-$B8)/($A$2-$C8),=F8-($A$2*F8-2*$A8*PI()-$C8*(F8-$A8)-$B8)/($A$2-$C8),=A8,=J8-H8,=G8
5,0.0889420414014803,=(B10-B8)/2,=G8+1,=D9-($A$2*D9-2*$A9*PI()-$C9*(D9-$A9)-$B9)/($A$2-$C9),=E9-($A$2*E9-2*$A9*PI()-$C9*(E9-$A9)-$B9)/($A$2-$C9),=F9-($A$2*F9-2*$A9*PI()-$C9*(F9-$A9)-$B9)/($A$2-$C9),=A9,=J9-H9,=G9
6,0.106728417854344,=(B11-B9)/2,=G9+1,=D10-($A$2*D10-2*$A10*PI()-$C10*(D10-$A10)-$B10)/($A$2-$C10),=E10-($A$2*E10-2*$A10*PI()-$C10*(E10-$A10)-$B10)/($A$2-$C10),=F10-($A$2*F10-2*$A10*PI()-$C10*(F10-$A10)-$B10)/($A$2-$C10),=A10,=J10-H10,=G10
7,0.124513687293255,=(B12-B10)/2,=G10+1,=D11-($A$2*D11-2*$A11*PI()-$C11*(D11-$A11)-$B11)/($A$2-$C11),=E11-($A$2*E11-2*$A11*PI()-$C11*(E11-$A11)-$B11)/($A$2-$C11),=F11-($A$2*F11-2*$A11*PI()-$C11*(F11-$A11)-$B11)/($A$2-$C11),=A11,=J11-H11,=G11
8,0.142297666261139,=(B13-B11)/2,=G11+1,=D12-($A$2*D12-2*$A12*PI()-$C12*(D12-$A12)-$B12)/($A$2-$C12),=E12-($A$2*E12-2*$A12*PI()-$C12*(E12-$A12)-$B12)/($A$2-$C12),=F12-($A$2*F12-2*$A12*PI()-$C12*(F12-$A12)-$B12)/($A$2-$C12),=A12,=J12-H12,=G12
9,0.16008017178222,=(B14-B12)/2,=G12+1,=D13-($A$2*D13-2*$A13*PI()-$C13*(D13-$A13)-$B13)/($A$2-$C13),=E13-($A$2*E13-2*$A13*PI()-$C13*(E13-$A13)-$B13)/($A$2-$C13),=F13-($A$2*F13-2*$A13*PI()-$C13*(F13-$A13)-$B13)/($A$2-$C13),=A13,=J13-H13,=G13
10,0.177861021429974,=(B15-B13)/2,=G13+1,=D14-($A$2*D14-2*$A14*PI()-$C14*(D14-$A14)-$B14)/($A$2-$C14),=E14-($A$2*E14-2*$A14*PI()-$C14*(E14-$A14)-$B14)/($A$2-$C14),=F14-($A$2*F14-2*$A14*PI()-$C14*(F14-$A14)-$B14)/($A$2-$C14),=A14,=J14-H14,=G14
11,0.195640033394764,=(B16-B14)/2,=G14+1,=D15-($A$2*D15-2*$A15*PI()-$C15*(D15-$A15)-$B15)/($A$2-$C15),=E15-($A$2*E15-2*$A15*PI()-$C15*(E15-$A15)-$B15)/($A$2-$C15),=F15-($A$2*F15-2*$A15*PI()-$C15*(F15-$A15)-$B15)/($A$2-$C15),=A15,=J15-H15,=G15
12,0.213417026551123,=(B17-B15)/2,=G15+1,=D16-($A$2*D16-2*$A16*PI()-$C16*(D16-$A16)-$B16)/($A$2-$C16),=E16-($A$2*E16-2*$A16*PI()-$C16*(E16-$A16)-$B16)/($A$2-$C16),=F16-($A$2*F16-2*$A16*PI()-$C16*(F16-$A16)-$B16)/($A$2-$C16),=A16,=J16-H16,=G16
13,0.23119182052463,=(B18-B16)/2,=G16+1,=D17-($A$2*D17-2*$A17*PI()-$C17*(D17-$A17)-$B17)/($A$2-$C17),=E17-($A$2*E17-2*$A17*PI()-$C17*(E17-$A17)-$B17)/($A$2-$C17),=F17-($A$2*F17-2*$A17*PI()-$C17*(F17-$A17)-$B17)/($A$2-$C17),=A17,=J17-H17,=G17
14,0.248964235758361,=(B19-B17)/2,=G17+1,=D18-($A$2*D18-2*$A18*PI()-$C18*(D18-$A18)-$B18)/($A$2-$C18),=E18-($A$2*E18-2*$A18*PI()-$C18*(E18-$A18)-$B18)/($A$2-$C18),=F18-($A$2*F18-2*$A18*PI()-$C18*(F18-$A18)-$B18)/($A$2-$C18),=A18,=J18-H18,=G18
15,0.266734093578866,=(B20-B18)/2,=G18+1,=D19-($A$2*D19-2*$A19*PI()-$C19*(D19-$A19)-$B19)/($A$2-$C19),=E19-($A$2*E19-2*$A19*PI()-$C19*(E19-$A19)-$B19)/($A$2-$C19),=F19-($A$2*F19-2*$A19*PI()-$C19*(F19-$A19)-$B19)/($A$2-$C19),=A19,=J19-H19,=G19
16,0.284501216261635,=(B21-B19)/2,=G19+1,=D20-($A$2*D20-2*$A20*PI()-$C20*(D20-$A20)-$B20)/($A$2-$C20),=E20-($A$2*E20-2*$A20*PI()-$C20*(E20-$A20)-$B20)/($A$2-$C20),=F20-($A$2*F20-2*$A20*PI()-$C20*(F20-$A20)-$B20)/($A$2-$C20),=A20,=J20-H20,=G20
17,0.302265427096021,=(B22-B20)/2,=G20+1,=D21-($A$2*D21-2*$A21*PI()-$C21*(D21-$A21)-$B21)/($A$2-$C21),=E21-($A$2*E21-2*$A21*PI()-$C21*(E21-$A21)-$B21)/($A$2-$C21),=F21-($A$2*F21-2*$A21*PI()-$C21*(F21-$A21)-$B21)/($A$2-$C21),=A21,=J21-H21,=G21
18,0.320026550449583,=(B23-B21)/2,=G21+1,=D22-($A$2*D22-2*$A22*PI()-$C22*(D22-$A22)-$B22)/($A$2-$C22),=E22-($A$2*E22-2*$A22*PI()-$C22*(E22-$A22)-$B22)/($A$2-$C22),=F22-($A$2*F22-2*$A22*PI()-$C22*(F22-$A22)-$B22)/($A$2-$C22),=A22,=J22-H22,=G22
19,0.337784411831814,=(B24-B22)/2,=G22+1,=D23-($A$2*D23-2*$A23*PI()-$C23*(D23-$A23)-$B23)/($A$2-$C23),=E23-($A$2*E23-2*$A23*PI()-$C23*(E23-$A23)-$B23)/($A$2-$C23),=F23-($A$2*F23-2*$A23*PI()-$C23*(F23-$A23)-$B23)/($A$2-$C23),=A23,=J23-H23,=G23
20,0.355538837957212,=(B25-B23)/2,=G23+1,=D24-($A$2*D24-2*$A24*PI()-$C24*(D24-$A24)-$B24)/($A$2-$C24),=E24-($A$2*E24-2*$A24*PI()-$C24*(E24-$A24)-$B24)/($A$2-$C24),=F24-($A$2*F24-2*$A24*PI()-$C24*(F24-$A24)-$B24)/($A$2-$C24),=A24,=J24-H24,=G24
21,0.373289656807676,=(B26-B24)/2,=G24+1,=D25-($A$2*D25-2*$A25*PI()-$C25*(D25-$A25)-$B25)/($A$2-$C25),=E25-($A$2*E25-2*$A25*PI()-$C25*(E25-$A25)-$B25)/($A$2-$C25),=F25-($A$2*F25-2*$A25*PI()-$C25*(F25-$A25)-$B25)/($A$2-$C25),=A25,=J25-H25,=G25
22,0.391036697694176,=(B27-B25)/2,=G25+1,=D26-($A$2*D26-2*$A26*PI()-$C26*(D26-$A26)-$B26)/($A$2-$C26),=E26-($A$2*E26-2*$A26*PI()-$C26*(E26-$A26)-$B26)/($A$2-$C26),=F26-($A$2*F26-2*$A26*PI()-$C26*(F26-$A26)-$B26)/($A$2-$C26),=A26,=J26-H26,=G26
23,0.40877979131768,=(B28-B26)/2,=G26+1,=D27-($A$2*D27-2*$A27*PI()-$C27*(D27-$A27)-$B27)/($A$2-$C27),=E27-($A$2*E27-2*$A27*PI()-$C27*(E27-$A27)-$B27)/($A$2-$C27),=F27-($A$2*F27-2*$A27*PI()-$C27*(F27-$A27)-$B27)/($A$2-$C27),=A27,=J27-H27,=G27
24,0.426518769829295,=(B29-B27)/2,=G27+1,=D28-($A$2*D28-2*$A28*PI()-$C28*(D28-$A28)-$B28)/($A$2-$C28),=E28-($A$2*E28-2*$A28*PI()-$C28*(E28-$A28)-$B28)/($A$2-$C28),=F28-($A$2*F28-2*$A28*PI()-$C28*(F28-$A28)-$B28)/($A$2-$C28),=A28,=J28-H28,=G28
25,0.444253466889597,=(B30-B28)/2,=G28+1,=D29-($A$2*D29-2*$A29*PI()-$C29*(D29-$A29)-$B29)/($A$2-$C29),=E29-($A$2*E29-2*$A29*PI()-$C29*(E29-$A29)-$B29)/($A$2-$C29),=F29-($A$2*F29-2*$A29*PI()-$C29*(F29-$A29)-$B29)/($A$2-$C29),=A29,=J29-H29,=G29
26,0.46198371772712,=(B31-B29)/2,=G29+1,=D30-($A$2*D30-2*$A30*PI()-$C30*(D30-$A30)-$B30)/($A$2-$C30),=E30-($A$2*E30-2*$A30*PI()-$C30*(E30-$A30)-$B30)/($A$2-$C30),=F30-($A$2*F30-2*$A30*PI()-$C30*(F30-$A30)-$B30)/($A$2-$C30),=A30,=J30-H30,=G30
27,0.47970935919597,=(B32-B30)/2,=G30+1,=D31-($A$2*D31-2*$A31*PI()-$C31*(D31-$A31)-$B31)/($A$2-$C31),=E31-($A$2*E31-2*$A31*PI()-$C31*(E31-$A31)-$B31)/($A$2-$C31),=F31-($A$2*F31-2*$A31*PI()-$C31*(F31-$A31)-$B31)/($A$2-$C31),=A31,=J31-H31,=G31
28,0.497430229832545,=(B33-B31)/2,=G31+1,=D32-($A$2*D32-2*$A32*PI()-$C32*(D32-$A32)-$B32)/($A$2-$C32),=E32-($A$2*E32-2*$A32*PI()-$C32*(E32-$A32)-$B32)/($A$2-$C32),=F32-($A$2*F32-2*$A32*PI()-$C32*(F32-$A32)-$B32)/($A$2-$C32),=A32,=J32-H32,=G32
29,0.515146169911322,=(B34-B32)/2,=G32+1,=D33-($A$2*D33-2*$A33*PI()-$C33*(D33-$A33)-$B33)/($A$2-$C33),=E33-($A$2*E33-2*$A33*PI()-$C33*(E33-$A33)-$B33)/($A$2-$C33),=F33-($A$2*F33-2*$A33*PI()-$C33*(F33-$A33)-$B33)/($A$2-$C33),=A33,=J33-H33,=G33
30,0.532857021499697,=(B35-B33)/2,=G33+1,=D34-($A$2*D34-2*$A34*PI()-$C34*(D34-$A34)-$B34)/($A$2-$C34),=E34-($A$2*E34-2*$A34*PI()-$C34*(E34-$A34)-$B34)/($A$2-$C34),=F34-($A$2*F34-2*$A34*PI()-$C34*(F34-$A34)-$B34)/($A$2-$C34),=A34,=J34-H34,=G34
31,0.550562628511844,=(B36-B34)/2,=G34+1,=D35-($A$2*D35-2*$A35*PI()-$C35*(D35-$A35)-$B35)/($A$2-$C35),=E35-($A$2*E35-2*$A35*PI()-$C35*(E35-$A35)-$B35)/($A$2-$C35),=F35-($A$2*F35-2*$A35*PI()-$C35*(F35-$A35)-$B35)/($A$2-$C35),=A35,=J35-H35,=G35
32,0.568262836761565,=(B37-B35)/2,=G35+1,=D36-($A$2*D36-2*$A36*PI()-$C36*(D36-$A36)-$B36)/($A$2-$C36),=E36-($A$2*E36-2*$A36*PI()-$C36*(E36-$A36)-$B36)/($A$2-$C36),=F36-($A$2*F36-2*$A36*PI()-$C36*(F36-$A36)-$B36)/($A$2-$C36),=A36,=J36-H36,=G36
33,0.585957494014127,=(B38-B36)/2,=G36+1,=D37-($A$2*D37-2*$A37*PI()-$C37*(D37-$A37)-$B37)/($A$2-$C37),=E37-($A$2*E37-2*$A37*PI()-$C37*(E37-$A37)-$B37)/($A$2-$C37),=F37-($A$2*F37-2*$A37*PI()-$C37*(F37-$A37)-$B37)/($A$2-$C37),=A37,=J37-H37,=G37
34,0.603646450037034,=(B39-B37)/2,=G37+1,=D38-($A$2*D38-2*$A38*PI()-$C38*(D38-$A38)-$B38)/($A$2-$C38),=E38-($A$2*E38-2*$A38*PI()-$C38*(E38-$A38)-$B38)/($A$2-$C38),=F38-($A$2*F38-2*$A38*PI()-$C38*(F38-$A38)-$B38)/($A$2-$C38),=A38,=J38-H38,=G38
35,0.621329556649747,=(B40-B38)/2,=G38+1,=D39-($A$2*D39-2*$A39*PI()-$C39*(D39-$A39)-$B39)/($A$2-$C39),=E39-($A$2*E39-2*$A39*PI()-$C39*(E39-$A39)-$B39)/($A$2-$C39),=F39-($A$2*F39-2*$A39*PI()-$C39*(F39-$A39)-$B39)/($A$2-$C39),=A39,=J39-H39,=G39
36,0.639006667772293,=(B41-B39)/2,=G39+1,=D40-($A$2*D40-2*$A40*PI()-$C40*(D40-$A40)-$B40)/($A$2-$C40),=E40-($A$2*E40-2*$A40*PI()-$C40*(E40-$A40)-$B40)/($A$2-$C40),=F40-($A$2*F40-2*$A40*PI()-$C40*(F40-$A40)-$B40)/($A$2-$C40),=A40,=J40-H40,=G40
37,0.656677639472784,=(B42-B40)/2,=G40+1,=D41-($A$2*D41-2*$A41*PI()-$C41*(D41-$A41)-$B41)/($A$2-$C41),=E41-($A$2*E41-2*$A41*PI()-$C41*(E41-$A41)-$B41)/($A$2-$C41),=F41-($A$2*F41-2*$A41*PI()-$C41*(F41-$A41)-$B41)/($A$2-$C41),=A41,=J41-H41,=G41
38,0.674342330013793,=(B43-B41)/2,=G41+1,=D42-($A$2*D42-2*$A42*PI()-$C42*(D42-$A42)-$B42)/($A$2-$C42),=E42-($A$2*E42-2*$A42*PI()-$C42*(E42-$A42)-$B42)/($A$2-$C42),=F42-($A$2*F42-2*$A42*PI()-$C42*(F42-$A42)-$B42)/($A$2-$C42),=A42,=J42-H42,=G42
39,0.692000599897592,=(B44-B42)/2,=G42+1,=D43-($A$2*D43-2*$A43*PI()-$C43*(D43-$A43)-$B43)/($A$2-$C43),=E43-($A$2*E43-2*$A43*PI()-$C43*(E43-$A43)-$B43)/($A$2-$C43),=F43-($A$2*F43-2*$A43*PI()-$C43*(F43-$A43)-$B43)/($A$2-$C43),=A43,=J43-H43,=G43
40,0.709652311910228,=(B45-B43)/2,=G43+1,=D44-($A$2*D44-2*$A44*PI()-$C44*(D44-$A44)-$B44)/($A$2-$C44),=E44-($A$2*E44-2*$A44*PI()-$C44*(E44-$A44)-$B44)/($A$2-$C44),=F44-($A$2*F44-2*$A44*PI()-$C44*(F44-$A44)-$B44)/($A$2-$C44),=A44,=J44-H44,=G44
41,0.727297331164419,=(B46-B44)/2,=G44+1,=D45-($A$2*D45-2*$A45*PI()-$C45*(D45-$A45)-$B45)/($A$2-$C45),=E45-($A$2*E45-2*$A45*PI()-$C45*(E45-$A45)-$B45)/($A$2-$C45),=F45-($A$2*F45-2*$A45*PI()-$C45*(F45-$A45)-$B45)/($A$2-$C45),=A45,=J45-H45,=G45
42,0.744935525141262,=(B47-B45)/2,=G45+1,=D46-($A$2*D46-2*$A46*PI()-$C46*(D46-$A46)-$B46)/($A$2-$C46),=E46-($A$2*E46-2*$A46*PI()-$C46*(E46-$A46)-$B46)/($A$2-$C46),=F46-($A$2*F46-2*$A46*PI()-$C46*(F46-$A46)-$B46)/($A$2-$C46),=A46,=J46-H46,=G46
43,0.762566763730741,=(B48-B46)/2,=G46+1,=D47-($A$2*D47-2*$A47*PI()-$C47*(D47-$A47)-$B47)/($A$2-$C47),=E47-($A$2*E47-2*$A47*PI()-$C47*(E47-$A47)-$B47)/($A$2-$C47),=F47-($A$2*F47-2*$A47*PI()-$C47*(F47-$A47)-$B47)/($A$2-$C47),=A47,=J47-H47,=G47
44,0.780190919271009,=(B49-B47)/2,=G47+1,=D48-($A$2*D48-2*$A48*PI()-$C48*(D48-$A48)-$B48)/($A$2-$C48),=E48-($A$2*E48-2*$A48*PI()-$C48*(E48-$A48)-$B48)/($A$2-$C48),=F48-($A$2*F48-2*$A48*PI()-$C48*(F48-$A48)-$B48)/($A$2-$C48),=A48,=J48-H48,=G48
45,0.797807866586455,=(B50-B48)/2,=G48+1,=D49-($A$2*D49-2*$A49*PI()-$C49*(D49-$A49)-$B49)/($A$2-$C49),=E49-($A$2*E49-2*$A49*PI()-$C49*(E49-$A49)-$B49)/($A$2-$C49),=F49-($A$2*F49-2*$A49*PI()-$C49*(F49-$A49)-$B49)/($A$2-$C49),=A49,=J49-H49,=G49
46,0.815417483024531,=(B51-B49)/2,=G49+1,=D50-($A$2*D50-2*$A50*PI()-$C50*(D50-$A50)-$B50)/($A$2-$C50),=E50-($A$2*E50-2*$A50*PI()-$C50*(E50-$A50)-$B50)/($A$2-$C50),=F50-($A$2*F50-2*$A50*PI()-$C50*(F50-$A50)-$B50)/($A$2-$C50),=A50,=J50-H50,=G50
47,0.833019648491331,=(B52-B50)/2,=G50+1,=D51-($A$2*D51-2*$A51*PI()-$C51*(D51-$A51)-$B51)/($A$2-$C51),=E51-($A$2*E51-2*$A51*PI()-$C51*(E51-$A51)-$B51)/($A$2-$C51),=F51-($A$2*F51-2*$A51*PI()-$C51*(F51-$A51)-$B51)/($A$2-$C51),=A51,=J51-H51,=G51
48,0.850614245485923,=(B53-B51)/2,=G51+1,=D52-($A$2*D52-2*$A52*PI()-$C52*(D52-$A52)-$B52)/($A$2-$C52),=E52-($A$2*E52-2*$A52*PI()-$C52*(E52-$A52)-$B52)/($A$2-$C52),=F52-($A$2*F52-2*$A52*PI()-$C52*(F52-$A52)-$B52)/($A$2-$C52),=A52,=J52-H52,=G52
49,0.868201159133419,=(B54-B52)/2,=G52+1,=D53-($A$2*D53-2*$A53*PI()-$C53*(D53-$A53)-$B53)/($A$2-$C53),=E53-($A$2*E53-2*$A53*PI()-$C53*(E53-$A53)-$B53)/($A$2-$C53),=F53-($A$2*F53-2*$A53*PI()-$C53*(F53-$A53)-$B53)/($A$2-$C53),=A53,=J53-H53,=G53
50,0.885780277216783,=(B55-B53)/2,=G53+1,=D54-($A$2*D54-2*$A54*PI()-$C54*(D54-$A54)-$B54)/($A$2-$C54),=E54-($A$2*E54-2*$A54*PI()-$C54*(E54-$A54)-$B54)/($A$2-$C54),=F54-($A$2*F54-2*$A54*PI()-$C54*(F54-$A54)-$B54)/($A$2-$C54),=A54,=J54-H54,=G54
51,0.903351490207366,=(B56-B54)/2,=G54+1,=D55-($A$2*D55-2*$A55*PI()-$C55*(D55-$A55)-$B55)/($A$2-$C55),=E55-($A$2*E55-2*$A55*PI()-$C55*(E55-$A55)-$B55)/($A$2-$C55),=F55-($A$2*F55-2*$A55*PI()-$C55*(F55-$A55)-$B55)/($A$2-$C55),=A55,=J55-H55,=G55
52,0.920914691294176,=(B57-B55)/2,=G55+1,=D56-($A$2*D56-2*$A56*PI()-$C56*(D56-$A56)-$B56)/($A$2-$C56),=E56-($A$2*E56-2*$A56*PI()-$C56*(E56-$A56)-$B56)/($A$2-$C56),=F56-($A$2*F56-2*$A56*PI()-$C56*(F56-$A56)-$B56)/($A$2-$C56),=A56,=J56-H56,=G56
53,0.938469776411863,=(B58-B56)/2,=G56+1,=D57-($A$2*D57-2*$A57*PI()-$C57*(D57-$A57)-$B57)/($A$2-$C57),=E57-($A$2*E57-2*$A57*PI()-$C57*(E57-$A57)-$B57)/($A$2-$C57),=F57-($A$2*F57-2*$A57*PI()-$C57*(F57-$A57)-$B57)/($A$2-$C57),=A57,=J57-H57,=G57
54,0.95601664426744,=(B59-B57)/2,=G57+1,=D58-($A$2*D58-2*$A58*PI()-$C58*(D58-$A58)-$B58)/($A$2-$C58),=E58-($A$2*E58-2*$A58*PI()-$C58*(E58-$A58)-$B58)/($A$2-$C58),=F58-($A$2*F58-2*$A58*PI()-$C58*(F58-$A58)-$B58)/($A$2-$C58),=A58,=J58-H58,=G58
55,0.973555196365714,=(B60-B58)/2,=G58+1,=D59-($A$2*D59-2*$A59*PI()-$C59*(D59-$A59)-$B59)/($A$2-$C59),=E59-($A$2*E59-2*$A59*PI()-$C59*(E59-$A59)-$B59)/($A$2-$C59),=F59-($A$2*F59-2*$A59*PI()-$C59*(F59-$A59)-$B59)/($A$2-$C59),=A59,=J59-H59,=G59
56,0.991085337033454,=(B61-B59)/2,=G59+1,=D60-($A$2*D60-2*$A60*PI()-$C60*(D60-$A60)-$B60)/($A$2-$C60),=E60-($A$2*E60-2*$A60*PI()-$C60*(E60-$A60)-$B60)/($A$2-$C60),=F60-($A$2*F60-2*$A60*PI()-$C60*(F60-$A60)-$B60)/($A$2-$C60),=A60,=J60-H60,=G60
57,1.00860697344227,=(B62-B60)/2,=G60+1,=D61-($A$2*D61-2*$A61*PI()-$C61*(D61-$A61)-$B61)/($A$2-$C61),=E61-($A$2*E61-2*$A61*PI()-$C61*(E61-$A61)-$B61)/($A$2-$C61),=F61-($A$2*F61-2*$A61*PI()-$C61*(F61-$A61)-$B61)/($A$2-$C61),=A61,=J61-H61,=G61
58,1.02612001563023,=(B63-B61)/2,=G61+1,=D62-($A$2*D62-2*$A62*PI()-$C62*(D62-$A62)-$B62)/($A$2-$C62),=E62-($A$2*E62-2*$A62*PI()-$C62*(E62-$A62)-$B62)/($A$2-$C62),=F62-($A$2*F62-2*$A62*PI()-$C62*(F62-$A62)-$B62)/($A$2-$C62),=A62,=J62-H62,=G62
59,1.04362437652221,=(B64-B62)/2,=G62+1,=D63-($A$2*D63-2*$A63*PI()-$C63*(D63-$A63)-$B63)/($A$2-$C63),=E63-($A$2*E63-2*$A63*PI()-$C63*(E63-$A63)-$B63)/($A$2-$C63),=F63-($A$2*F63-2*$A63*PI()-$C63*(F63-$A63)-$B63)/($A$2-$C63),=A63,=J63-H63,=G63
60,1.06111997194897,=(B65-B63)/2,=G63+1,=D64-($A$2*D64-2*$A64*PI()-$C64*(D64-$A64)-$B64)/($A$2-$C64),=E64-($A$2*E64-2*$A64*PI()-$C64*(E64-$A64)-$B64)/($A$2-$C64),=F64-($A$2*F64-2*$A64*PI()-$C64*(F64-$A64)-$B64)/($A$2-$C64),=A64,=J64-H64,=G64
61,1.07860672066494,=(B66-B64)/2,=G64+1,=D65-($A$2*D65-2*$A65*PI()-$C65*(D65-$A65)-$B65)/($A$2-$C65),=E65-($A$2*E65-2*$A65*PI()-$C65*(E65-$A65)-$B65)/($A$2-$C65),=F65-($A$2*F65-2*$A65*PI()-$C65*(F65-$A65)-$B65)/($A$2-$C65),=A65,=J65-H65,=G65
62,1.09608454436486,=(B67-B65)/2,=G65+1,=D66-($A$2*D66-2*$A66*PI()-$C66*(D66-$A66)-$B66)/($A$2-$C66),=E66-($A$2*E66-2*$A66*PI()-$C66*(E66-$A66)-$B66)/($A$2-$C66),=F66-($A$2*F66-2*$A66*PI()-$C66*(F66-$A66)-$B66)/($A$2-$C66),=A66,=J66-H66,=G66
63,1.113553367699,=(B68-B66)/2,=G66+1,=D67-($A$2*D67-2*$A67*PI()-$C67*(D67-$A67)-$B67)/($A$2-$C67),=E67-($A$2*E67-2*$A67*PI()-$C67*(E67-$A67)-$B67)/($A$2-$C67),=F67-($A$2*F67-2*$A67*PI()-$C67*(F67-$A67)-$B67)/($A$2-$C67),=A67,=J67-H67,=G67
64,1.13101311828731,=(B69-B67)/2,=G67+1,=D68-($A$2*D68-2*$A68*PI()-$C68*(D68-$A68)-$B68)/($A$2-$C68),=E68-($A$2*E68-2*$A68*PI()-$C68*(E68-$A68)-$B68)/($A$2-$C68),=F68-($A$2*F68-2*$A68*PI()-$C68*(F68-$A68)-$B68)/($A$2-$C68),=A68,=J68-H68,=G68
65,1.14846372673222,=(B70-B68)/2,=G68+1,=D69-($A$2*D69-2*$A69*PI()-$C69*(D69-$A69)-$B69)/($A$2-$C69),=E69-($A$2*E69-2*$A69*PI()-$C69*(E69-$A69)-$B69)/($A$2-$C69),=F69-($A$2*F69-2*$A69*PI()-$C69*(F69-$A69)-$B69)/($A$2-$C69),=A69,=J69-H69,=G69
66,1.16590512663029,=(B71-B69)/2,=G69+1,=D70-($A$2*D70-2*$A70*PI()-$C70*(D70-$A70)-$B70)/($A$2-$C70),=E70-($A$2*E70-2*$A70*PI()-$C70*(E70-$A70)-$B70)/($A$2-$C70),=F70-($A$2*F70-2*$A70*PI()-$C70*(F70-$A70)-$B70)/($A$2-$C70),=A70,=J70-H70,=G70
67,1.18333725458257,=(B72-B70)/2,=G70+1,=D71-($A$2*D71-2*$A71*PI()-$C71*(D71-$A71)-$B71)/($A$2-$C71),=E71-($A$2*E71-2*$A71*PI()-$C71*(E71-$A71)-$B71)/($A$2-$C71),=F71-($A$2*F71-2*$A71*PI()-$C71*(F71-$A71)-$B71)/($A$2-$C71),=A71,=J71-H71,=G71
68,1.20076005020384,=(B73-B71)/2,=G71+1,=D72-($A$2*D72-2*$A72*PI()-$C72*(D72-$A72)-$B72)/($A$2-$C72),=E72-($A$2*E72-2*$A72*PI()-$C72*(E72-$A72)-$B72)/($A$2-$C72),=F72-($A$2*F72-2*$A72*PI()-$C72*(F72-$A72)-$B72)/($A$2-$C72),=A72,=J72-H72,=G72
69,1.21817345613061,=(B74-B72)/2,=G72+1,=D73-($A$2*D73-2*$A73*PI()-$C73*(D73-$A73)-$B73)/($A$2-$C73),=E73-($A$2*E73-2*$A73*PI()-$C73*(E73-$A73)-$B73)/($A$2-$C73),=F73-($A$2*F73-2*$A73*PI()-$C73*(F73-$A73)-$B73)/($A$2-$C73),=A73,=J73-H73,=G73
70,1.23557741802793,=(B75-B73)/2,=G73+1,=D74-($A$2*D74-2*$A74*PI()-$C74*(D74-$A74)-$B74)/($A$2-$C74),=E74-($A$2*E74-2*$A74*PI()-$C74*(E74-$A74)-$B74)/($A$2-$C74),=F74-($A$2*F74-2*$A74*PI()-$C74*(F74-$A74)-$B74)/($A$2-$C74),=A74,=J74-H74,=G74
71,1.25297188459507,=(B76-B74)/2,=G74+1,=D75-($A$2*D75-2*$A75*PI()-$C75*(D75-$A75)-$B75)/($A$2-$C75),=E75-($A$2*E75-2*$A75*PI()-$C75*(E75-$A75)-$B75)/($A$2-$C75),=F75-($A$2*F75-2*$A75*PI()-$C75*(F75-$A75)-$B75)/($A$2-$C75),=A75,=J75-H75,=G75
72,1.27035680756999,=(B77-B75)/2,=G75+1,=D76-($A$2*D76-2*$A76*PI()-$C76*(D76-$A76)-$B76)/($A$2-$C76),=E76-($A$2*E76-2*$A76*PI()-$C76*(E76-$A76)-$B76)/($A$2-$C76),=F76-($A$2*F76-2*$A76*PI()-$C76*(F76-$A76)-$B76)/($A$2-$C76),=A76,=J76-H76,=G76
73,1.28773214173275,=(B78-B76)/2,=G76+1,=D77-($A$2*D77-2*$A77*PI()-$C77*(D77-$A77)-$B77)/($A$2-$C77),=E77-($A$2*E77-2*$A77*PI()-$C77*(E77-$A77)-$B77)/($A$2-$C77),=F77-($A$2*F77-2*$A77*PI()-$C77*(F77-$A77)-$B77)/($A$2-$C77),=A77,=J77-H77,=G77
74,1.30509784490768,=(B79-B77)/2,=G77+1,=D78-($A$2*D78-2*$A78*PI()-$C78*(D78-$A78)-$B78)/($A$2-$C78),=E78-($A$2*E78-2*$A78*PI()-$C78*(E78-$A78)-$B78)/($A$2-$C78),=F78-($A$2*F78-2*$A78*PI()-$C78*(F78-$A78)-$B78)/($A$2-$C78),=A78,=J78-H78,=G78
75,1.32245387796454,=(B80-B78)/2,=G78+1,=D79-($A$2*D79-2*$A79*PI()-$C79*(D79-$A79)-$B79)/($A$2-$C79),=E79-($A$2*E79-2*$A79*PI()-$C79*(E79-$A79)-$B79)/($A$2-$C79),=F79-($A$2*F79-2*$A79*PI()-$C79*(F79-$A79)-$B79)/($A$2-$C79),=A79,=J79-H79,=G79
76,1.33980020481855,=(B81-B79)/2,=G79+1,=D80-($A$2*D80-2*$A80*PI()-$C80*(D80-$A80)-$B80)/($A$2-$C80),=E80-($A$2*E80-2*$A80*PI()-$C80*(E80-$A80)-$B80)/($A$2-$C80),=F80-($A$2*F80-2*$A80*PI()-$C80*(F80-$A80)-$B80)/($A$2-$C80),=A80,=J80-H80,=G80
77,1.35713679242926,=(B82-B80)/2,=G80+1,=D81-($A$2*D81-2*$A81*PI()-$C81*(D81-$A81)-$B81)/($A$2-$C81),=E81-($A$2*E81-2*$A81*PI()-$C81*(E81-$A81)-$B81)/($A$2-$C81),=F81-($A$2*F81-2*$A81*PI()-$C81*(F81-$A81)-$B81)/($A$2-$C81),=A81,=J81-H81,=G81
78,1.37446361079848,=(B83-B81)/2,=G81+1,=D82-($A$2*D82-2*$A82*PI()-$C82*(D82-$A82)-$B82)/($A$2-$C82),=E82-($A$2*E82-2*$A82*PI()-$C82*(E82-$A82)-$B82)/($A$2-$C82),=F82-($A$2*F82-2*$A82*PI()-$C82*(F82-$A82)-$B82)/($A$2-$C82),=A82,=J82-H82,=G82
79,1.39178063296707,=(B84-B82)/2,=G82+1,=D83-($A$2*D83-2*$A83*PI()-$C83*(D83-$A83)-$B83)/($A$2-$C83),=E83-($A$2*E83-2*$A83*PI()-$C83*(E83-$A83)-$B83)/($A$2-$C83),=F83-($A$2*F83-2*$A83*PI()-$C83*(F83-$A83)-$B83)/($A$2-$C83),=A83,=J83-H83,=G83
80,1.40908783501071,=(B85-B83)/2,=G83+1,=D84-($A$2*D84-2*$A84*PI()-$C84*(D84-$A84)-$B84)/($A$2-$C84),=E84-($A$2*E84-2*$A84*PI()-$C84*(E84-$A84)-$B84)/($A$2-$C84),=F84-($A$2*F84-2*$A84*PI()-$C84*(F84-$A84)-$B84)/($A$2-$C84),=A84,=J84-H84,=G84
81,1.42638519603469,=(B86-B84)/2,=G84+1,=D85-($A$2*D85-2*$A85*PI()-$C85*(D85-$A85)-$B85)/($A$2-$C85),=E85-($A$2*E85-2*$A85*PI()-$C85*(E85-$A85)-$B85)/($A$2-$C85),=F85-($A$2*F85-2*$A85*PI()-$C85*(F85-$A85)-$B85)/($A$2-$C85),=A85,=J85-H85,=G85
82,1.44367269816765,=(B87-B85)/2,=G85+1,=D86-($A$2*D86-2*$A86*PI()-$C86*(D86-$A86)-$B86)/($A$2-$C86),=E86-($A$2*E86-2*$A86*PI()-$C86*(E86-$A86)-$B86)/($A$2-$C86),=F86-($A$2*F86-2*$A86*PI()-$C86*(F86-$A86)-$B86)/($A$2-$C86),=A86,=J86-H86,=G86
83,1.46095032655435,=(B88-B86)/2,=G86+1,=D87-($A$2*D87-2*$A87*PI()-$C87*(D87-$A87)-$B87)/($A$2-$C87),=E87-($A$2*E87-2*$A87*PI()-$C87*(E87-$A87)-$B87)/($A$2-$C87),=F87-($A$2*F87-2*$A87*PI()-$C87*(F87-$A87)-$B87)/($A$2-$C87),=A87,=J87-H87,=G87
84,1.4782180693475,=(B89-B87)/2,=G87+1,=D88-($A$2*D88-2*$A88*PI()-$C88*(D88-$A88)-$B88)/($A$2-$C88),=E88-($A$2*E88-2*$A88*PI()-$C88*(E88-$A88)-$B88)/($A$2-$C88),=F88-($A$2*F88-2*$A88*PI()-$C88*(F88-$A88)-$B88)/($A$2-$C88),=A88,=J88-H88,=G88
85,1.49547591769863,=(B90-B88)/2,=G88+1,=D89-($A$2*D89-2*$A89*PI()-$C89*(D89-$A89)-$B89)/($A$2-$C89),=E89-($A$2*E89-2*$A89*PI()-$C89*(E89-$A89)-$B89)/($A$2-$C89),=F89-($A$2*F89-2*$A89*PI()-$C89*(F89-$A89)-$B89)/($A$2-$C89),=A89,=J89-H89,=G89
86,1.51272386574801,=(B91-B89)/2,=G89+1,=D90-($A$2*D90-2*$A90*PI()-$C90*(D90-$A90)-$B90)/($A$2-$C90),=E90-($A$2*E90-2*$A90*PI()-$C90*(E90-$A90)-$B90)/($A$2-$C90),=F90-($A$2*F90-2*$A90*PI()-$C90*(F90-$A90)-$B90)/($A$2-$C90),=A90,=J90-H90,=G90
87,1.5299619106137,=(B92-B90)/2,=G90+1,=D91-($A$2*D91-2*$A91*PI()-$C91*(D91-$A91)-$B91)/($A$2-$C91),=E91-($A$2*E91-2*$A91*PI()-$C91*(E91-$A91)-$B91)/($A$2-$C91),=F91-($A$2*F91-2*$A91*PI()-$C91*(F91-$A91)-$B91)/($A$2-$C91),=A91,=J91-H91,=G91
88,1.54719005237966,=(B93-B91)/2,=G91+1,=D92-($A$2*D92-2*$A92*PI()-$C92*(D92-$A92)-$B92)/($A$2-$C92),=E92-($A$2*E92-2*$A92*PI()-$C92*(E92-$A92)-$B92)/($A$2-$C92),=F92-($A$2*F92-2*$A92*PI()-$C92*(F92-$A92)-$B92)/($A$2-$C92),=A92,=J92-H92,=G92
89,1.56440829408303,=(B94-B92)/2,=G92+1,=D93-($A$2*D93-2*$A93*PI()-$C93*(D93-$A93)-$B93)/($A$2-$C93),=E93-($A$2*E93-2*$A93*PI()-$C93*(E93-$A93)-$B93)/($A$2-$C93),=F93-($A$2*F93-2*$A93*PI()-$C93*(F93-$A93)-$B93)/($A$2-$C93),=A93,=J93-H93,=G93
90,1.58161664170053,=(B95-B93)/2,=G93+1,=D94-($A$2*D94-2*$A94*PI()-$C94*(D94-$A94)-$B94)/($A$2-$C94),=E94-($A$2*E94-2*$A94*PI()-$C94*(E94-$A94)-$B94)/($A$2-$C94),=F94-($A$2*F94-2*$A94*PI()-$C94*(F94-$A94)-$B94)/($A$2-$C94),=A94,=J94-H94,=G94
91,1.59881510413406,=(B96-B94)/2,=G94+1,=D95-($A$2*D95-2*$A95*PI()-$C95*(D95-$A95)-$B95)/($A$2-$C95),=E95-($A$2*E95-2*$A95*PI()-$C95*(E95-$A95)-$B95)/($A$2-$C95),=F95-($A$2*F95-2*$A95*PI()-$C95*(F95-$A95)-$B95)/($A$2-$C95),=A95,=J95-H95,=G95
92,1.61600369319542,=(B97-B95)/2,=G95+1,=D96-($A$2*D96-2*$A96*PI()-$C96*(D96-$A96)-$B96)/($A$2-$C96),=E96-($A$2*E96-2*$A96*PI()-$C96*(E96-$A96)-$B96)/($A$2-$C96),=F96-($A$2*F96-2*$A96*PI()-$C96*(F96-$A96)-$B96)/($A$2-$C96),=A96,=J96-H96,=G96
93,1.6331824235903,=(B98-B96)/2,=G96+1,=D97-($A$2*D97-2*$A97*PI()-$C97*(D97-$A97)-$B97)/($A$2-$C97),=E97-($A$2*E97-2*$A97*PI()-$C97*(E97-$A97)-$B97)/($A$2-$C97),=F97-($A$2*F97-2*$A97*PI()-$C97*(F97-$A97)-$B97)/($A$2-$C97),=A97,=J97-H97,=G97
94,1.65035131290146,=(B99-B97)/2,=G97+1,=D98-($A$2*D98-2*$A98*PI()-$C98*(D98-$A98)-$B98)/($A$2-$C98),=E98-($A$2*E98-2*$A98*PI()-$C98*(E98-$A98)-$B98)/($A$2-$C98),=F98-($A$2*F98-2*$A98*PI()-$C98*(F98-$A98)-$B98)/($A$2-$C98),=A98,=J98-H98,=G98
95,1.66751038157119,=(B100-B98)/2,=G98+1,=D99-($A$2*D99-2*$A99*PI()-$C99*(D99-$A99)-$B99)/($A$2-$C99),=E99-($A$2*E99-2*$A99*PI()-$C99*(E99-$A99)-$B99)/($A$2-$C99),=F99-($A$2*F99-2*$A99*PI()-$C99*(F99-$A99)-$B99)/($A$2-$C99),=A99,=J99-H99,=G99
96,1.68465965288294,=(B101-B99)/2,=G99+1,=D100-($A$2*D100-2*$A100*PI()-$C100*(D100-$A100)-$B100)/($A$2-$C100),=E100-($A$2*E100-2*$A100*PI()-$C100*(E100-$A100)-$B100)/($A$2-$C100),=F100-($A$2*F100-2*$A100*PI()-$C100*(F100-$A100)-$B100)/($A$2-$C100),=A100,=J100-H100,=G100
97,1.70179915294234,=(B102-B100)/2,=G100+1,=D101-($A$2*D101-2*$A101*PI()-$C101*(D101-$A101)-$B101)/($A$2-$C101),=E101-($A$2*E101-2*$A101*PI()-$C101*(E101-$A101)-$B101)/($A$2-$C101),=F101-($A$2*F101-2*$A101*PI()-$C101*(F101-$A101)-$B101)/($A$2-$C101),=A101,=J101-H101,=G101
98,1.71892891065746,=(B103-B101)/2,=G101+1,=D102-($A$2*D102-2*$A102*PI()-$C102*(D102-$A102)-$B102)/($A$2-$C102),=E102-($A$2*E102-2*$A102*PI()-$C102*(E102-$A102)-$B102)/($A$2-$C102),=F102-($A$2*F102-2*$A102*PI()-$C102*(F102-$A102)-$B102)/($A$2-$C102),=A102,=J102-H102,=G102
99,1.73604895771841,=(B104-B102)/2,=G102+1,=D103-($A$2*D103-2*$A103*PI()-$C103*(D103-$A103)-$B103)/($A$2-$C103),=E103-($A$2*E103-2*$A103*PI()-$C103*(E103-$A103)-$B103)/($A$2-$C103),=F103-($A$2*F103-2*$A103*PI()-$C103*(F103-$A103)-$B103)/($A$2-$C103),=A103,=J103-H103,=G103
100,1.75315932857624,=(B105-B103)/2,=G103+1,=D104-($A$2*D104-2*$A104*PI()-$C104*(D104-$A104)-$B104)/($A$2-$C104),=E104-($A$2*E104-2*$A104*PI()-$C104*(E104-$A104)-$B104)/($A$2-$C104),=F104-($A$2*F104-2*$A104*PI()-$C104*(F104-$A104)-$B104)/($A$2-$C104),=A104,=J104-H104,=G104
101,1.77026006042127,=(B106-B104)/2,=G104+1,=D105-($A$2*D105-2*$A105*PI()-$C105*(D105-$A105)-$B105)/($A$2-$C105),=E105-($A$2*E105-2*$A105*PI()-$C105*(E105-$A105)-$B105)/($A$2-$C105),=F105-($A$2*F105-2*$A105*PI()-$C105*(F105-$A105)-$B105)/($A$2-$C105),=A105,=J105-H105,=G105
102,1.78735119316073,=(B107-B105)/2,=G105+1,=D106-($A$2*D106-2*$A106*PI()-$C106*(D106-$A106)-$B106)/($A$2-$C106),=E106-($A$2*E106-2*$A106*PI()-$C106*(E106-$A106)-$B106)/($A$2-$C106),=F106-($A$2*F106-2*$A106*PI()-$C106*(F106-$A106)-$B106)/($A$2-$C106),=A106,=J106-H106,=G106
103,1.80443276939582,=(B108-B106)/2,=G106+1,=D107-($A$2*D107-2*$A107*PI()-$C107*(D107-$A107)-$B107)/($A$2-$C107),=E107-($A$2*E107-2*$A107*PI()-$C107*(E107-$A107)-$B107)/($A$2-$C107),=F107-($A$2*F107-2*$A107*PI()-$C107*(F107-$A107)-$B107)/($A$2-$C107),=A107,=J107-H107,=G107
104,1.82150483439818,=(B109-B107)/2,=G107+1,=D108-($A$2*D108-2*$A108*PI()-$C108*(D108-$A108)-$B108)/($A$2-$C108),=E108-($A$2*E108-2*$A108*PI()-$C108*(E108-$A108)-$B108)/($A$2-$C108),=F108-($A$2*F108-2*$A108*PI()-$C108*(F108-$A108)-$B108)/($A$2-$C108),=A108,=J108-H108,=G108
105,1.83856743608582,=(B110-B108)/2,=G108+1,=D109-($A$2*D109-2*$A109*PI()-$C109*(D109-$A109)-$B109)/($A$2-$C109),=E109-($A$2*E109-2*$A109*PI()-$C109*(E109-$A109)-$B109)/($A$2-$C109),=F109-($A$2*F109-2*$A109*PI()-$C109*(F109-$A109)-$B109)/($A$2-$C109),=A109,=J109-H109,=G109
106,1.85562062499843,=(B111-B109)/2,=G109+1,=D110-($A$2*D110-2*$A110*PI()-$C110*(D110-$A110)-$B110)/($A$2-$C110),=E110-($A$2*E110-2*$A110*PI()-$C110*(E110-$A110)-$B110)/($A$2-$C110),=F110-($A$2*F110-2*$A110*PI()-$C110*(F110-$A110)-$B110)/($A$2-$C110),=A110,=J110-H110,=G110
107,1.87266445427223,=(B112-B110)/2,=G110+1,=D111-($A$2*D111-2*$A111*PI()-$C111*(D111-$A111)-$B111)/($A$2-$C111),=E111-($A$2*E111-2*$A111*PI()-$C111*(E111-$A111)-$B111)/($A$2-$C111),=F111-($A$2*F111-2*$A111*PI()-$C111*(F111-$A111)-$B111)/($A$2-$C111),=A111,=J111-H111,=G111
108,1.88969897961428,=(B113-B111)/2,=G111+1,=D112-($A$2*D112-2*$A112*PI()-$C112*(D112-$A112)-$B112)/($A$2-$C112),=E112-($A$2*E112-2*$A112*PI()-$C112*(E112-$A112)-$B112)/($A$2-$C112),=F112-($A$2*F112-2*$A112*PI()-$C112*(F112-$A112)-$B112)/($A$2-$C112),=A112,=J112-H112,=G112
109,1.90672425927628,=(B114-B112)/2,=G112+1,=D113-($A$2*D113-2*$A113*PI()-$C113*(D113-$A113)-$B113)/($A$2-$C113),=E113-($A$2*E113-2*$A113*PI()-$C113*(E113-$A113)-$B113)/($A$2-$C113),=F113-($A$2*F113-2*$A113*PI()-$C113*(F113-$A113)-$B113)/($A$2-$C113),=A113,=J113-H113,=G113
110,1.9237403540279,=(B115-B113)/2,=G113+1,=D114-($A$2*D114-2*$A114*PI()-$C114*(D114-$A114)-$B114)/($A$2-$C114),=E114-($A$2*E114-2*$A114*PI()-$C114*(E114-$A114)-$B114)/($A$2-$C114),=F114-($A$2*F114-2*$A114*PI()-$C114*(F114-$A114)-$B114)/($A$2-$C114),=A114,=J114-H114,=G114
111,1.94074732712968,=(B116-B114)/2,=G114+1,=D115-($A$2*D115-2*$A115*PI()-$C115*(D115-$A115)-$B115)/($A$2-$C115),=E115-($A$2*E115-2*$A115*PI()-$C115*(E115-$A115)-$B115)/($A$2-$C115),=F115-($A$2*F115-2*$A115*PI()-$C115*(F115-$A115)-$B115)/($A$2-$C115),=A115,=J115-H115,=G115
112,1.95774524430539,=(B117-B115)/2,=G115+1,=D116-($A$2*D116-2*$A116*PI()-$C116*(D116-$A116)-$B116)/($A$2-$C116),=E116-($A$2*E116-2*$A116*PI()-$C116*(E116-$A116)-$B116)/($A$2-$C116),=F116-($A$2*F116-2*$A116*PI()-$C116*(F116-$A116)-$B116)/($A$2-$C116),=A116,=J116-H116,=G116
113,1.9747341737141,=(B118-B116)/2,=G116+1,=D117-($A$2*D117-2*$A117*PI()-$C117*(D117-$A117)-$B117)/($A$2-$C117),=E117-($A$2*E117-2*$A117*PI()-$C117*(E117-$A117)-$B117)/($A$2-$C117),=F117-($A$2*F117-2*$A117*PI()-$C117*(F117-$A117)-$B117)/($A$2-$C117),=A117,=J117-H117,=G117
114,1.9917141859217,=(B119-B117)/2,=G117+1,=D118-($A$2*D118-2*$A118*PI()-$C118*(D118-$A118)-$B118)/($A$2-$C118),=E118-($A$2*E118-2*$A118*PI()-$C118*(E118-$A118)-$B118)/($A$2-$C118),=F118-($A$2*F118-2*$A118*PI()-$C118*(F118-$A118)-$B118)/($A$2-$C118),=A118,=J118-H118,=G118
115,2.00868535387213,=(B120-B118)/2,=G118+1,=D119-($A$2*D119-2*$A119*PI()-$C119*(D119-$A119)-$B119)/($A$2-$C119),=E119-($A$2*E119-2*$A119*PI()-$C119*(E119-$A119)-$B119)/($A$2-$C119),=F119-($A$2*F119-2*$A119*PI()-$C119*(F119-$A119)-$B119)/($A$2-$C119),=A119,=J119-H119,=G119
116,2.02564775285818,=(B121-B119)/2,=G119+1,=D120-($A$2*D120-2*$A120*PI()-$C120*(D120-$A120)-$B120)/($A$2-$C120),=E120-($A$2*E120-2*$A120*PI()-$C120*(E120-$A120)-$B120)/($A$2-$C120),=F120-($A$2*F120-2*$A120*PI()-$C120*(F120-$A120)-$B120)/($A$2-$C120),=A120,=J120-H120,=G120
117,2.04260146049189,=(B122-B120)/2,=G120+1,=D121-($A$2*D121-2*$A121*PI()-$C121*(D121-$A121)-$B121)/($A$2-$C121),=E121-($A$2*E121-2*$A121*PI()-$C121*(E121-$A121)-$B121)/($A$2-$C121),=F121-($A$2*F121-2*$A121*PI()-$C121*(F121-$A121)-$B121)/($A$2-$C121),=A121,=J121-H121,=G121
118,2.0595465566747,=(B123-B121)/2,=G121+1,=D122-($A$2*D122-2*$A122*PI()-$C122*(D122-$A122)-$B122)/($A$2-$C122),=E122-($A$2*E122-2*$A122*PI()-$C122*(E122-$A122)-$B122)/($A$2-$C122),=F122-($A$2*F122-2*$A122*PI()-$C122*(F122-$A122)-$B122)/($A$2-$C122),=A122,=J122-H122,=G122
119,2.07648312356717,=(B124-B122)/2,=G122+1,=D123-($A$2*D123-2*$A123*PI()-$C123*(D123-$A123)-$B123)/($A$2-$C123),=E123-($A$2*E123-2*$A123*PI()-$C123*(E123-$A123)-$B123)/($A$2-$C123),=F123-($A$2*F123-2*$A123*PI()-$C123*(F123-$A123)-$B123)/($A$2-$C123),=A123,=J123-H123,=G123
120,2.09341124555841,=(B125-B123)/2,=G123+1,=D124-($A$2*D124-2*$A124*PI()-$C124*(D124-$A124)-$B124)/($A$2-$C124),=E124-($A$2*E124-2*$A124*PI()-$C124*(E124-$A124)-$B124)/($A$2-$C124),=F124-($A$2*F124-2*$A124*PI()-$C124*(F124-$A124)-$B124)/($A$2-$C124),=A124,=J124-H124,=G124
121,2.11033100923524,=(B126-B124)/2,=G124+1,=D125-($A$2*D125-2*$A125*PI()-$C125*(D125-$A125)-$B125)/($A$2-$C125),=E125-($A$2*E125-2*$A125*PI()-$C125*(E125-$A125)-$B125)/($A$2-$C125),=F125-($A$2*F125-2*$A125*PI()-$C125*(F125-$A125)-$B125)/($A$2-$C125),=A125,=J125-H125,=G125
122,2.12724250335098,=(B127-B125)/2,=G125+1,=D126-($A$2*D126-2*$A126*PI()-$C126*(D126-$A126)-$B126)/($A$2-$C126),=E126-($A$2*E126-2*$A126*PI()-$C126*(E126-$A126)-$B126)/($A$2-$C126),=F126-($A$2*F126-2*$A126*PI()-$C126*(F126-$A126)-$B126)/($A$2-$C126),=A126,=J126-H126,=G126
123,2.14414581879407,=(B128-B126)/2,=G126+1,=D127-($A$2*D127-2*$A127*PI()-$C127*(D127-$A127)-$B127)/($A$2-$C127),=E127-($A$2*E127-2*$A127*PI()-$C127*(E127-$A127)-$B127)/($A$2-$C127),=F127-($A$2*F127-2*$A127*PI()-$C127*(F127-$A127)-$B127)/($A$2-$C127),=A127,=J127-H127,=G127
124,2.16104104855628,=(B129-B127)/2,=G127+1,=D128-($A$2*D128-2*$A128*PI()-$C128*(D128-$A128)-$B128)/($A$2-$C128),=E128-($A$2*E128-2*$A128*PI()-$C128*(E128-$A128)-$B128)/($A$2-$C128),=F128-($A$2*F128-2*$A128*PI()-$C128*(F128-$A128)-$B128)/($A$2-$C128),=A128,=J128-H128,=G128
125,2.17792828770083,=(B130-B128)/2,=G128+1,=D129-($A$2*D129-2*$A129*PI()-$C129*(D129-$A129)-$B129)/($A$2-$C129),=E129-($A$2*E129-2*$A129*PI()-$C129*(E129-$A129)-$B129)/($A$2-$C129),=F129-($A$2*F129-2*$A129*PI()-$C129*(F129-$A129)-$B129)/($A$2-$C129),=A129,=J129-H129,=G129
126,2.19480763333012,=(B131-B129)/2,=G129+1,=D130-($A$2*D130-2*$A130*PI()-$C130*(D130-$A130)-$B130)/($A$2-$C130),=E130-($A$2*E130-2*$A130*PI()-$C130*(E130-$A130)-$B130)/($A$2-$C130),=F130-($A$2*F130-2*$A130*PI()-$C130*(F130-$A130)-$B130)/($A$2-$C130),=A130,=J130-H130,=G130
127,2.21167918455335,=(B132-B130)/2,=G130+1,=D131-($A$2*D131-2*$A131*PI()-$C131*(D131-$A131)-$B131)/($A$2-$C131),=E131-($A$2*E131-2*$A131*PI()-$C131*(E131-$A131)-$B131)/($A$2-$C131),=F131-($A$2*F131-2*$A131*PI()-$C131*(F131-$A131)-$B131)/($A$2-$C131),=A131,=J131-H131,=G131
128,2.22854304245384,=(B133-B131)/2,=G131+1,=D132-($A$2*D132-2*$A132*PI()-$C132*(D132-$A132)-$B132)/($A$2-$C132),=E132-($A$2*E132-2*$A132*PI()-$C132*(E132-$A132)-$B132)/($A$2-$C132),=F132-($A$2*F132-2*$A132*PI()-$C132*(F132-$A132)-$B132)/($A$2-$C132),=A132,=J132-H132,=G132
129,2.24539931005619,=(B134-B132)/2,=G132+1,=D133-($A$2*D133-2*$A133*PI()-$C133*(D133-$A133)-$B133)/($A$2-$C133),=E133-($A$2*E133-2*$A133*PI()-$C133*(E133-$A133)-$B133)/($A$2-$C133),=F133-($A$2*F133-2*$A133*PI()-$C133*(F133-$A133)-$B133)/($A$2-$C133),=A133,=J133-H133,=G133
130,2.26224809229324,=(B135-B133)/2,=G133+1,=D134-($A$2*D134-2*$A134*PI()-$C134*(D134-$A134)-$B134)/($A$2-$C134),=E134-($A$2*E134-2*$A134*PI()-$C134*(E134-$A134)-$B134)/($A$2-$C134),=F134-($A$2*F134-2*$A134*PI()-$C134*(F134-$A134)-$B134)/($A$2-$C134),=A134,=J134-H134,=G134
131,2.27908949597282,=(B136-B134)/2,=G134+1,=D135-($A$2*D135-2*$A135*PI()-$C135*(D135-$A135)-$B135)/($A$2-$C135),=E135-($A$2*E135-2*$A135*PI()-$C135*(E135-$A135)-$B135)/($A$2-$C135),=F135-($A$2*F135-2*$A135*PI()-$C135*(F135-$A135)-$B135)/($A$2-$C135),=A135,=J135-H135,=G135
132,2.29592362974439,=(B137-B135)/2,=G135+1,=D136-($A$2*D136-2*$A136*PI()-$C136*(D136-$A136)-$B136)/($A$2-$C136),=E136-($A$2*E136-2*$A136*PI()-$C136*(E136-$A136)-$B136)/($A$2-$C136),=F136-($A$2*F136-2*$A136*PI()-$C136*(F136-$A136)-$B136)/($A$2-$C136),=A136,=J136-H136,=G136
133,2.31275060406543,=(B138-B136)/2,=G136+1,=D137-($A$2*D137-2*$A137*PI()-$C137*(D137-$A137)-$B137)/($A$2-$C137),=E137-($A$2*E137-2*$A137*PI()-$C137*(E137-$A137)-$B137)/($A$2-$C137),=F137-($A$2*F137-2*$A137*PI()-$C137*(F137-$A137)-$B137)/($A$2-$C137),=A137,=J137-H137,=G137
134,2.32957053116775,=(B139-B137)/2,=G137+1,=D138-($A$2*D138-2*$A138*PI()-$C138*(D138-$A138)-$B138)/($A$2-$C138),=E138-($A$2*E138-2*$A138*PI()-$C138*(E138-$A138)-$B138)/($A$2-$C138),=F138-($A$2*F138-2*$A138*PI()-$C138*(F138-$A138)-$B138)/($A$2-$C138),=A138,=J138-H138,=G138
135,2.34638352502365,=(B140-B138)/2,=G138+1,=D139-($A$2*D139-2*$A139*PI()-$C139*(D139-$A139)-$B139)/($A$2-$C139),=E139-($A$2*E139-2*$A139*PI()-$C139*(E139-$A139)-$B139)/($A$2-$C139),=F139-($A$2*F139-2*$A139*PI()-$C139*(F139-$A139)-$B139)/($A$2-$C139),=A139,=J139-H139,=G139
136,2.36318970131188,=(B141-B139)/2,=G139+1,=D140-($A$2*D140-2*$A140*PI()-$C140*(D140-$A140)-$B140)/($A$2-$C140),=E140-($A$2*E140-2*$A140*PI()-$C140*(E140-$A140)-$B140)/($A$2-$C140),=F140-($A$2*F140-2*$A140*PI()-$C140*(F140-$A140)-$B140)/($A$2-$C140),=A140,=J140-H140,=G140
137,2.37998917738356,=(B142-B140)/2,=G140+1,=D141-($A$2*D141-2*$A141*PI()-$C141*(D141-$A141)-$B141)/($A$2-$C141),=E141-($A$2*E141-2*$A141*PI()-$C141*(E141-$A141)-$B141)/($A$2-$C141),=F141-($A$2*F141-2*$A141*PI()-$C141*(F141-$A141)-$B141)/($A$2-$C141),=A141,=J141-H141,=G141
138,2.39678207222793,=(B143-B141)/2,=G141+1,=D142-($A$2*D142-2*$A142*PI()-$C142*(D142-$A142)-$B142)/($A$2-$C142),=E142-($A$2*E142-2*$A142*PI()-$C142*(E142-$A142)-$B142)/($A$2-$C142),=F142-($A$2*F142-2*$A142*PI()-$C142*(F142-$A142)-$B142)/($A$2-$C142),=A142,=J142-H142,=G142
139,2.41356850643802,=(B144-B142)/2,=G142+1,=D143-($A$2*D143-2*$A143*PI()-$C143*(D143-$A143)-$B143)/($A$2-$C143),=E143-($A$2*E143-2*$A143*PI()-$C143*(E143-$A143)-$B143)/($A$2-$C143),=F143-($A$2*F143-2*$A143*PI()-$C143*(F143-$A143)-$B143)/($A$2-$C143),=A143,=J143-H143,=G143
140,2.4303486021762,=(B145-B143)/2,=G143+1,=D144-($A$2*D144-2*$A144*PI()-$C144*(D144-$A144)-$B144)/($A$2-$C144),=E144-($A$2*E144-2*$A144*PI()-$C144*(E144-$A144)-$B144)/($A$2-$C144),=F144-($A$2*F144-2*$A144*PI()-$C144*(F144-$A144)-$B144)/($A$2-$C144),=A144,=J144-H144,=G144
141,2.44712248313964,=(B146-B144)/2,=G144+1,=D145-($A$2*D145-2*$A145*PI()-$C145*(D145-$A145)-$B145)/($A$2-$C145),=E145-($A$2*E145-2*$A145*PI()-$C145*(E145-$A145)-$B145)/($A$2-$C145),=F145-($A$2*F145-2*$A145*PI()-$C145*(F145-$A145)-$B145)/($A$2-$C145),=A145,=J145-H145,=G145
142,2.46389027452568,=(B147-B145)/2,=G145+1,=D146-($A$2*D146-2*$A146*PI()-$C146*(D146-$A146)-$B146)/($A$2-$C146),=E146-($A$2*E146-2*$A146*PI()-$C146*(E146-$A146)-$B146)/($A$2-$C146),=F146-($A$2*F146-2*$A146*PI()-$C146*(F146-$A146)-$B146)/($A$2-$C146),=A146,=J146-H146,=G146
143,2.48065210299715,=(B148-B146)/2,=G146+1,=D147-($A$2*D147-2*$A147*PI()-$C147*(D147-$A147)-$B147)/($A$2-$C147),=E147-($A$2*E147-2*$A147*PI()-$C147*(E147-$A147)-$B147)/($A$2-$C147),=F147-($A$2*F147-2*$A147*PI()-$C147*(F147-$A147)-$B147)/($A$2-$C147),=A147,=J147-H147,=G147
144,2.4974080966476,=(B149-B147)/2,=G147+1,=D148-($A$2*D148-2*$A148*PI()-$C148*(D148-$A148)-$B148)/($A$2-$C148),=E148-($A$2*E148-2*$A148*PI()-$C148*(E148-$A148)-$B148)/($A$2-$C148),=F148-($A$2*F148-2*$A148*PI()-$C148*(F148-$A148)-$B148)/($A$2-$C148),=A148,=J148-H148,=G148
145,2.5141583849664,=(B150-B148)/2,=G148+1,=D149-($A$2*D149-2*$A149*PI()-$C149*(D149-$A149)-$B149)/($A$2-$C149),=E149-($A$2*E149-2*$A149*PI()-$C149*(E149-$A149)-$B149)/($A$2-$C149),=F149-($A$2*F149-2*$A149*PI()-$C149*(F149-$A149)-$B149)/($A$2-$C149),=A149,=J149-H149,=G149
146,2.53090309880393,=(B151-B149)/2,=G149+1,=D150-($A$2*D150-2*$A150*PI()-$C150*(D150-$A150)-$B150)/($A$2-$C150),=E150-($A$2*E150-2*$A150*PI()-$C150*(E150-$A150)-$B150)/($A$2-$C150),=F150-($A$2*F150-2*$A150*PI()-$C150*(F150-$A150)-$B150)/($A$2-$C150),=A150,=J150-H150,=G150
147,2.54764237033653,=(B152-B150)/2,=G150+1,=D151-($A$2*D151-2*$A151*PI()-$C151*(D151-$A151)-$B151)/($A$2-$C151),=E151-($A$2*E151-2*$A151*PI()-$C151*(E151-$A151)-$B151)/($A$2-$C151),=F151-($A$2*F151-2*$A151*PI()-$C151*(F151-$A151)-$B151)/($A$2-$C151),=A151,=J151-H151,=G151
148,2.56437633303155,=(B153-B151)/2,=G151+1,=D152-($A$2*D152-2*$A152*PI()-$C152*(D152-$A152)-$B152)/($A$2-$C152),=E152-($A$2*E152-2*$A152*PI()-$C152*(E152-$A152)-$B152)/($A$2-$C152),=F152-($A$2*F152-2*$A152*PI()-$C152*(F152-$A152)-$B152)/($A$2-$C152),=A152,=J152-H152,=G152
149,2.5811051216123,=(B154-B152)/2,=G152+1,=D153-($A$2*D153-2*$A153*PI()-$C153*(D153-$A153)-$B153)/($A$2-$C153),=E153-($A$2*E153-2*$A153*PI()-$C153*(E153-$A153)-$B153)/($A$2-$C153),=F153-($A$2*F153-2*$A153*PI()-$C153*(F153-$A153)-$B153)/($A$2-$C153),=A153,=J153-H153,=G153
150,2.59782887202292,=(B155-B153)/2,=G153+1,=D154-($A$2*D154-2*$A154*PI()-$C154*(D154-$A154)-$B154)/($A$2-$C154),=E154-($A$2*E154-2*$A154*PI()-$C154*(E154-$A154)-$B154)/($A$2-$C154),=F154-($A$2*F154-2*$A154*PI()-$C154*(F154-$A154)-$B154)/($A$2-$C154),=A154,=J154-H154,=G154
151,2.61454772139327,=(B156-B154)/2,=G154+1,=D155-($A$2*D155-2*$A155*PI()-$C155*(D155-$A155)-$B155)/($A$2-$C155),=E155-($A$2*E155-2*$A155*PI()-$C155*(E155-$A155)-$B155)/($A$2-$C155),=F155-($A$2*F155-2*$A155*PI()-$C155*(F155-$A155)-$B155)/($A$2-$C155),=A155,=J155-H155,=G155
152,2.63126180800379,=(B157-B155)/2,=G155+1,=D156-($A$2*D156-2*$A156*PI()-$C156*(D156-$A156)-$B156)/($A$2-$C156),=E156-($A$2*E156-2*$A156*PI()-$C156*(E156-$A156)-$B156)/($A$2-$C156),=F156-($A$2*F156-2*$A156*PI()-$C156*(F156-$A156)-$B156)/($A$2-$C156),=A156,=J156-H156,=G156
153,2.64797127125026,=(B158-B156)/2,=G156+1,=D157-($A$2*D157-2*$A157*PI()-$C157*(D157-$A157)-$B157)/($A$2-$C157),=E157-($A$2*E157-2*$A157*PI()-$C157*(E157-$A157)-$B157)/($A$2-$C157),=F157-($A$2*F157-2*$A157*PI()-$C157*(F157-$A157)-$B157)/($A$2-$C157),=A157,=J157-H157,=G157
154,2.66467625160867,=(B159-B157)/2,=G157+1,=D158-($A$2*D158-2*$A158*PI()-$C158*(D158-$A158)-$B158)/($A$2-$C158),=E158-($A$2*E158-2*$A158*PI()-$C158*(E158-$A158)-$B158)/($A$2-$C158),=F158-($A$2*F158-2*$A158*PI()-$C158*(F158-$A158)-$B158)/($A$2-$C158),=A158,=J158-H158,=G158
155,2.68137689059989,=(B160-B158)/2,=G158+1,=D159-($A$2*D159-2*$A159*PI()-$C159*(D159-$A159)-$B159)/($A$2-$C159),=E159-($A$2*E159-2*$A159*PI()-$C159*(E159-$A159)-$B159)/($A$2-$C159),=F159-($A$2*F159-2*$A159*PI()-$C159*(F159-$A159)-$B159)/($A$2-$C159),=A159,=J159-H159,=G159
156,2.6980733307545,=(B161-B159)/2,=G159+1,=D160-($A$2*D160-2*$A160*PI()-$C160*(D160-$A160)-$B160)/($A$2-$C160),=E160-($A$2*E160-2*$A160*PI()-$C160*(E160-$A160)-$B160)/($A$2-$C160),=F160-($A$2*F160-2*$A160*PI()-$C160*(F160-$A160)-$B160)/($A$2-$C160),=A160,=J160-H160,=G160
157,2.71476571557748,=(B162-B160)/2,=G160+1,=D161-($A$2*D161-2*$A161*PI()-$C161*(D161-$A161)-$B161)/($A$2-$C161),=E161-($A$2*E161-2*$A161*PI()-$C161*(E161-$A161)-$B161)/($A$2-$C161),=F161-($A$2*F161-2*$A161*PI()-$C161*(F161-$A161)-$B161)/($A$2-$C161),=A161,=J161-H161,=G161
158,2.73145418951296,=(B163-B161)/2,=G161+1,=D162-($A$2*D162-2*$A162*PI()-$C162*(D162-$A162)-$B162)/($A$2-$C162),=E162-($A$2*E162-2*$A162*PI()-$C162*(E162-$A162)-$B162)/($A$2-$C162),=F162-($A$2*F162-2*$A162*PI()-$C162*(F162-$A162)-$B162)/($A$2-$C162),=A162,=J162-H162,=G162
159,2.74813889790892,=(B164-B162)/2,=G162+1,=D163-($A$2*D163-2*$A163*PI()-$C163*(D163-$A163)-$B163)/($A$2-$C163),=E163-($A$2*E163-2*$A163*PI()-$C163*(E163-$A163)-$B163)/($A$2-$C163),=F163-($A$2*F163-2*$A163*PI()-$C163*(F163-$A163)-$B163)/($A$2-$C163),=A163,=J163-H163,=G163
160,2.76481998698187,=(B165-B163)/2,=G163+1,=D164-($A$2*D164-2*$A164*PI()-$C164*(D164-$A164)-$B164)/($A$2-$C164),=E164-($A$2*E164-2*$A164*PI()-$C164*(E164-$A164)-$B164)/($A$2-$C164),=F164-($A$2*F164-2*$A164*PI()-$C164*(F164-$A164)-$B164)/($A$2-$C164),=A164,=J164-H164,=G164
161,2.78149760378162,=(B166-B164)/2,=G164+1,=D165-($A$2*D165-2*$A165*PI()-$C165*(D165-$A165)-$B165)/($A$2-$C165),=E165-($A$2*E165-2*$A165*PI()-$C165*(E165-$A165)-$B165)/($A$2-$C165),=F165-($A$2*F165-2*$A165*PI()-$C165*(F165-$A165)-$B165)/($A$2-$C165),=A165,=J165-H165,=G165
162,2.79817189615589,=(B167-B165)/2,=G165+1,=D166-($A$2*D166-2*$A166*PI()-$C166*(D166-$A166)-$B166)/($A$2-$C166),=E166-($A$2*E166-2*$A166*PI()-$C166*(E166-$A166)-$B166)/($A$2-$C166),=F166-($A$2*F166-2*$A166*PI()-$C166*(F166-$A166)-$B166)/($A$2-$C166),=A166,=J166-H166,=G166
163,2.8148430127151,=(B168-B166)/2,=G166+1,=D167-($A$2*D167-2*$A167*PI()-$C167*(D167-$A167)-$B167)/($A$2-$C167),=E167-($A$2*E167-2*$A167*PI()-$C167*(E167-$A167)-$B167)/($A$2-$C167),=F167-($A$2*F167-2*$A167*PI()-$C167*(F167-$A167)-$B167)/($A$2-$C167),=A167,=J167-H167,=G167
164,2.83151110279698,=(B169-B167)/2,=G167+1,=D168-($A$2*D168-2*$A168*PI()-$C168*(D168-$A168)-$B168)/($A$2-$C168),=E168-($A$2*E168-2*$A168*PI()-$C168*(E168-$A168)-$B168)/($A$2-$C168),=F168-($A$2*F168-2*$A168*PI()-$C168*(F168-$A168)-$B168)/($A$2-$C168),=A168,=J168-H168,=G168
165,2.8481763164313,=(B170-B168)/2,=G168+1,=D169-($A$2*D169-2*$A169*PI()-$C169*(D169-$A169)-$B169)/($A$2-$C169),=E169-($A$2*E169-2*$A169*PI()-$C169*(E169-$A169)-$B169)/($A$2-$C169),=F169-($A$2*F169-2*$A169*PI()-$C169*(F169-$A169)-$B169)/($A$2-$C169),=A169,=J169-H169,=G169
166,2.8648388043046,=(B171-B169)/2,=G169+1,=D170-($A$2*D170-2*$A170*PI()-$C170*(D170-$A170)-$B170)/($A$2-$C170),=E170-($A$2*E170-2*$A170*PI()-$C170*(E170-$A170)-$B170)/($A$2-$C170),=F170-($A$2*F170-2*$A170*PI()-$C170*(F170-$A170)-$B170)/($A$2-$C170),=A170,=J170-H170,=G170
167,2.88149871772483,=(B172-B170)/2,=G170+1,=D171-($A$2*D171-2*$A171*PI()-$C171*(D171-$A171)-$B171)/($A$2-$C171),=E171-($A$2*E171-2*$A171*PI()-$C171*(E171-$A171)-$B171)/($A$2-$C171),=F171-($A$2*F171-2*$A171*PI()-$C171*(F171-$A171)-$B171)/($A$2-$C171),=A171,=J171-H171,=G171
168,2.8981562085861,=(B173-B171)/2,=G171+1,=D172-($A$2*D172-2*$A172*PI()-$C172*(D172-$A172)-$B172)/($A$2-$C172),=E172-($A$2*E172-2*$A172*PI()-$C172*(E172-$A172)-$B172)/($A$2-$C172),=F172-($A$2*F172-2*$A172*PI()-$C172*(F172-$A172)-$B172)/($A$2-$C172),=A172,=J172-H172,=G172
169,2.91481142933337,=(B174-B172)/2,=G172+1,=D173-($A$2*D173-2*$A173*PI()-$C173*(D173-$A173)-$B173)/($A$2-$C173),=E173-($A$2*E173-2*$A173*PI()-$C173*(E173-$A173)-$B173)/($A$2-$C173),=F173-($A$2*F173-2*$A173*PI()-$C173*(F173-$A173)-$B173)/($A$2-$C173),=A173,=J173-H173,=G173
170,2.93146453292715,=(B175-B173)/2,=G173+1,=D174-($A$2*D174-2*$A174*PI()-$C174*(D174-$A174)-$B174)/($A$2-$C174),=E174-($A$2*E174-2*$A174*PI()-$C174*(E174-$A174)-$B174)/($A$2-$C174),=F174-($A$2*F174-2*$A174*PI()-$C174*(F174-$A174)-$B174)/($A$2-$C174),=A174,=J174-H174,=G174
171,2.94811567280826,=(B176-B174)/2,=G174+1,=D175-($A$2*D175-2*$A175*PI()-$C175*(D175-$A175)-$B175)/($A$2-$C175),=E175-($A$2*E175-2*$A175*PI()-$C175*(E175-$A175)-$B175)/($A$2-$C175),=F175-($A$2*F175-2*$A175*PI()-$C175*(F175-$A175)-$B175)/($A$2-$C175),=A175,=J175-H175,=G175
172,2.96476500286249,=(B177-B175)/2,=G175+1,=D176-($A$2*D176-2*$A176*PI()-$C176*(D176-$A176)-$B176)/($A$2-$C176),=E176-($A$2*E176-2*$A176*PI()-$C176*(E176-$A176)-$B176)/($A$2-$C176),=F176-($A$2*F176-2*$A176*PI()-$C176*(F176-$A176)-$B176)/($A$2-$C176),=A176,=J176-H176,=G176
173,2.98141267738538,=(B178-B176)/2,=G176+1,=D177-($A$2*D177-2*$A177*PI()-$C177*(D177-$A177)-$B177)/($A$2-$C177),=E177-($A$2*E177-2*$A177*PI()-$C177*(E177-$A177)-$B177)/($A$2-$C177),=F177-($A$2*F177-2*$A177*PI()-$C177*(F177-$A177)-$B177)/($A$2-$C177),=A177,=J177-H177,=G177
174,2.99805885104695,=(B179-B177)/2,=G177+1,=D178-($A$2*D178-2*$A178*PI()-$C178*(D178-$A178)-$B178)/($A$2-$C178),=E178-($A$2*E178-2*$A178*PI()-$C178*(E178-$A178)-$B178)/($A$2-$C178),=F178-($A$2*F178-2*$A178*PI()-$C178*(F178-$A178)-$B178)/($A$2-$C178),=A178,=J178-H178,=G178
175,3.0147036788564,=(B180-B178)/2,=G178+1,=D179-($A$2*D179-2*$A179*PI()-$C179*(D179-$A179)-$B179)/($A$2-$C179),=E179-($A$2*E179-2*$A179*PI()-$C179*(E179-$A179)-$B179)/($A$2-$C179),=F179-($A$2*F179-2*$A179*PI()-$C179*(F179-$A179)-$B179)/($A$2-$C179),=A179,=J179-H179,=G179
176,3.03134731612689,=(B181-B179)/2,=G179+1,=D180-($A$2*D180-2*$A180*PI()-$C180*(D180-$A180)-$B180)/($A$2-$C180),=E180-($A$2*E180-2*$A180*PI()-$C180*(E180-$A180)-$B180)/($A$2-$C180),=F180-($A$2*F180-2*$A180*PI()-$C180*(F180-$A180)-$B180)/($A$2-$C180),=A180,=J180-H180,=G180
177,3.04798991844027,=(B182-B180)/2,=G180+1,=D181-($A$2*D181-2*$A181*PI()-$C181*(D181-$A181)-$B181)/($A$2-$C181),=E181-($A$2*E181-2*$A181*PI()-$C181*(E181-$A181)-$B181)/($A$2-$C181),=F181-($A$2*F181-2*$A181*PI()-$C181*(F181-$A181)-$B181)/($A$2-$C181),=A181,=J181-H181,=G181
178,3.06463164161183,=(B183-B181)/2,=G181+1,=D182-($A$2*D182-2*$A182*PI()-$C182*(D182-$A182)-$B182)/($A$2-$C182),=E182-($A$2*E182-2*$A182*PI()-$C182*(E182-$A182)-$B182)/($A$2-$C182),=F182-($A$2*F182-2*$A182*PI()-$C182*(F182-$A182)-$B182)/($A$2-$C182),=A182,=J182-H182,=G182
179,3.08127264165507,=(B184-B182)/2,=G182+1,=D183-($A$2*D183-2*$A183*PI()-$C183*(D183-$A183)-$B183)/($A$2-$C183),=E183-($A$2*E183-2*$A183*PI()-$C183*(E183-$A183)-$B183)/($A$2-$C183),=F183-($A$2*F183-2*$A183*PI()-$C183*(F183-$A183)-$B183)/($A$2-$C183),=A183,=J183-H183,=G183
180,3.09791307474646,=(B185-B183)/2,=G183+1,=D184-($A$2*D184-2*$A184*PI()-$C184*(D184-$A184)-$B184)/($A$2-$C184),=E184-($A$2*E184-2*$A184*PI()-$C184*(E184-$A184)-$B184)/($A$2-$C184),=F184-($A$2*F184-2*$A184*PI()-$C184*(F184-$A184)-$B184)/($A$2-$C184),=A184,=J184-H184,=G184
181,3.11455309719017,=(B186-B184)/2,=G184+1,=D185-($A$2*D185-2*$A185*PI()-$C185*(D185-$A185)-$B185)/($A$2-$C185),=E185-($A$2*E185-2*$A185*PI()-$C185*(E185-$A185)-$B185)/($A$2-$C185),=F185-($A$2*F185-2*$A185*PI()-$C185*(F185-$A185)-$B185)/($A$2-$C185),=A185,=J185-H185,=G185
182,3.13119286538289,=(B187-B185)/2,=G185+1,=D186-($A$2*D186-2*$A186*PI()-$C186*(D186-$A186)-$B186)/($A$2-$C186),=E186-($A$2*E186-2*$A186*PI()-$C186*(E186-$A186)-$B186)/($A$2-$C186),=F186-($A$2*F186-2*$A186*PI()-$C186*(F186-$A186)-$B186)/($A$2-$C186),=A186,=J186-H186,=G186
183,3.14783253577853,=(B188-B186)/2,=G186+1,=D187-($A$2*D187-2*$A187*PI()-$C187*(D187-$A187)-$B187)/($A$2-$C187),=E187-($A$2*E187-2*$A187*PI()-$C187*(E187-$A187)-$B187)/($A$2-$C187),=F187-($A$2*F187-2*$A187*PI()-$C187*(F187-$A187)-$B187)/($A$2-$C187),=A187,=J187-H187,=G187
184,3.16447226485304,=(B189-B187)/2,=G187+1,=D188-($A$2*D188-2*$A188*PI()-$C188*(D188-$A188)-$B188)/($A$2-$C188),=E188-($A$2*E188-2*$A188*PI()-$C188*(E188-$A188)-$B188)/($A$2-$C188),=F188-($A$2*F188-2*$A188*PI()-$C188*(F188-$A188)-$B188)/($A$2-$C188),=A188,=J188-H188,=G188
185,3.18111220906916,=(B190-B188)/2,=G188+1,=D189-($A$2*D189-2*$A189*PI()-$C189*(D189-$A189)-$B189)/($A$2-$C189),=E189-($A$2*E189-2*$A189*PI()-$C189*(E189-$A189)-$B189)/($A$2-$C189),=F189-($A$2*F189-2*$A189*PI()-$C189*(F189-$A189)-$B189)/($A$2-$C189),=A189,=J189-H189,=G189
186,3.19775252484117,=(B191-B189)/2,=G189+1,=D190-($A$2*D190-2*$A190*PI()-$C190*(D190-$A190)-$B190)/($A$2-$C190),=E190-($A$2*E190-2*$A190*PI()-$C190*(E190-$A190)-$B190)/($A$2-$C190),=F190-($A$2*F190-2*$A190*PI()-$C190*(F190-$A190)-$B190)/($A$2-$C190),=A190,=J190-H190,=G190
187,3.21439336849968,=(B192-B190)/2,=G190+1,=D191-($A$2*D191-2*$A191*PI()-$C191*(D191-$A191)-$B191)/($A$2-$C191),=E191-($A$2*E191-2*$A191*PI()-$C191*(E191-$A191)-$B191)/($A$2-$C191),=F191-($A$2*F191-2*$A191*PI()-$C191*(F191-$A191)-$B191)/($A$2-$C191),=A191,=J191-H191,=G191
188,3.23103489625639,=(B193-B191)/2,=G191+1,=D192-($A$2*D192-2*$A192*PI()-$C192*(D192-$A192)-$B192)/($A$2-$C192),=E192-($A$2*E192-2*$A192*PI()-$C192*(E192-$A192)-$B192)/($A$2-$C192),=F192-($A$2*F192-2*$A192*PI()-$C192*(F192-$A192)-$B192)/($A$2-$C192),=A192,=J192-H192,=G192
189,3.24767726416884,=(B194-B192)/2,=G192+1,=D193-($A$2*D193-2*$A193*PI()-$C193*(D193-$A193)-$B193)/($A$2-$C193),=E193-($A$2*E193-2*$A193*PI()-$C193*(E193-$A193)-$B193)/($A$2-$C193),=F193-($A$2*F193-2*$A193*PI()-$C193*(F193-$A193)-$B193)/($A$2-$C193),=A193,=J193-H193,=G193
190,3.26432062810518,=(B195-B193)/2,=G193+1,=D194-($A$2*D194-2*$A194*PI()-$C194*(D194-$A194)-$B194)/($A$2-$C194),=E194-($A$2*E194-2*$A194*PI()-$C194*(E194-$A194)-$B194)/($A$2-$C194),=F194-($A$2*F194-2*$A194*PI()-$C194*(F194-$A194)-$B194)/($A$2-$C194),=A194,=J194-H194,=G194
191,3.28096514370893,=(B196-B194)/2,=G194+1,=D195-($A$2*D195-2*$A195*PI()-$C195*(D195-$A195)-$B195)/($A$2-$C195),=E195-($A$2*E195-2*$A195*PI()-$C195*(E195-$A195)-$B195)/($A$2-$C195),=F195-($A$2*F195-2*$A195*PI()-$C195*(F195-$A195)-$B195)/($A$2-$C195),=A195,=J195-H195,=G195
192,3.29761096636371,=(B197-B195)/2,=G195+1,=D196-($A$2*D196-2*$A196*PI()-$C196*(D196-$A196)-$B196)/($A$2-$C196),=E196-($A$2*E196-2*$A196*PI()-$C196*(E196-$A196)-$B196)/($A$2-$C196),=F196-($A$2*F196-2*$A196*PI()-$C196*(F196-$A196)-$B196)/($A$2-$C196),=A196,=J196-H196,=G196
193,3.31425825115805,=(B198-B196)/2,=G196+1,=D197-($A$2*D197-2*$A197*PI()-$C197*(D197-$A197)-$B197)/($A$2-$C197),=E197-($A$2*E197-2*$A197*PI()-$C197*(E197-$A197)-$B197)/($A$2-$C197),=F197-($A$2*F197-2*$A197*PI()-$C197*(F197-$A197)-$B197)/($A$2-$C197),=A197,=J197-H197,=G197
194,3.33090715285003,=(B199-B197)/2,=G197+1,=D198-($A$2*D198-2*$A198*PI()-$C198*(D198-$A198)-$B198)/($A$2-$C198),=E198-($A$2*E198-2*$A198*PI()-$C198*(E198-$A198)-$B198)/($A$2-$C198),=F198-($A$2*F198-2*$A198*PI()-$C198*(F198-$A198)-$B198)/($A$2-$C198),=A198,=J198-H198,=G198
195,3.34755782583213,=(B200-B198)/2,=G198+1,=D199-($A$2*D199-2*$A199*PI()-$C199*(D199-$A199)-$B199)/($A$2-$C199),=E199-($A$2*E199-2*$A199*PI()-$C199*(E199-$A199)-$B199)/($A$2-$C199),=F199-($A$2*F199-2*$A199*PI()-$C199*(F199-$A199)-$B199)/($A$2-$C199),=A199,=J199-H199,=G199
196,3.36421042409589,=(B201-B199)/2,=G199+1,=D200-($A$2*D200-2*$A200*PI()-$C200*(D200-$A200)-$B200)/($A$2-$C200),=E200-($A$2*E200-2*$A200*PI()-$C200*(E200-$A200)-$B200)/($A$2-$C200),=F200-($A$2*F200-2*$A200*PI()-$C200*(F200-$A200)-$B200)/($A$2-$C200),=A200,=J200-H200,=G200
197,3.38086510119668,=(B202-B200)/2,=G200+1,=D201-($A$2*D201-2*$A201*PI()-$C201*(D201-$A201)-$B201)/($A$2-$C201),=E201-($A$2*E201-2*$A201*PI()-$C201*(E201-$A201)-$B201)/($A$2-$C201),=F201-($A$2*F201-2*$A201*PI()-$C201*(F201-$A201)-$B201)/($A$2-$C201),=A201,=J201-H201,=G201
198,3.39752201021839,=(B203-B201)/2,=G201+1,=D202-($A$2*D202-2*$A202*PI()-$C202*(D202-$A202)-$B202)/($A$2-$C202),=E202-($A$2*E202-2*$A202*PI()-$C202*(E202-$A202)-$B202)/($A$2-$C202),=F202-($A$2*F202-2*$A202*PI()-$C202*(F202-$A202)-$B202)/($A$2-$C202),=A202,=J202-H202,=G202
199,3.41418130373818,=(B204-B202)/2,=G202+1,=D203-($A$2*D203-2*$A203*PI()-$C203*(D203-$A203)-$B203)/($A$2-$C203),=E203-($A$2*E203-2*$A203*PI()-$C203*(E203-$A203)-$B203)/($A$2-$C203),=F203-($A$2*F203-2*$A203*PI()-$C203*(F203-$A203)-$B203)/($A$2-$C203),=A203,=J203-H203,=G203
200,3.43084313379117,=(B205-B203)/2,=G203+1,=D204-($A$2*D204-2*$A204*PI()-$C204*(D204-$A204)-$B204)/($A$2-$C204),=E204-($A$2*E204-2*$A204*PI()-$C204*(E204-$A204)-$B204)/($A$2-$C204),=F204-($A$2*F204-2*$A204*PI()-$C204*(F204-$A204)-$B204)/($A$2-$C204),=A204,=J204-H204,=G204
201,3.44750765183517,=(B206-B204)/2,=G204+1,=D205-($A$2*D205-2*$A205*PI()-$C205*(D205-$A205)-$B205)/($A$2-$C205),=E205-($A$2*E205-2*$A205*PI()-$C205*(E205-$A205)-$B205)/($A$2-$C205),=F205-($A$2*F205-2*$A205*PI()-$C205*(F205-$A205)-$B205)/($A$2-$C205),=A205,=J205-H205,=G205
202,3.46417500871537,=(B207-B205)/2,=G205+1,=D206-($A$2*D206-2*$A206*PI()-$C206*(D206-$A206)-$B206)/($A$2-$C206),=E206-($A$2*E206-2*$A206*PI()-$C206*(E206-$A206)-$B206)/($A$2-$C206),=F206-($A$2*F206-2*$A206*PI()-$C206*(F206-$A206)-$B206)/($A$2-$C206),=A206,=J206-H206,=G206
203,3.48084535462905,=(B208-B206)/2,=G206+1,=D207-($A$2*D207-2*$A207*PI()-$C207*(D207-$A207)-$B207)/($A$2-$C207),=E207-($A$2*E207-2*$A207*PI()-$C207*(E207-$A207)-$B207)/($A$2-$C207),=F207-($A$2*F207-2*$A207*PI()-$C207*(F207-$A207)-$B207)/($A$2-$C207),=A207,=J207-H207,=G207
204,3.49751883909026,=(B209-B207)/2,=G207+1,=D208-($A$2*D208-2*$A208*PI()-$C208*(D208-$A208)-$B208)/($A$2-$C208),=E208-($A$2*E208-2*$A208*PI()-$C208*(E208-$A208)-$B208)/($A$2-$C208),=F208-($A$2*F208-2*$A208*PI()-$C208*(F208-$A208)-$B208)/($A$2-$C208),=A208,=J208-H208,=G208
205,3.51419561089455,=(B210-B208)/2,=G208+1,=D209-($A$2*D209-2*$A209*PI()-$C209*(D209-$A209)-$B209)/($A$2-$C209),=E209-($A$2*E209-2*$A209*PI()-$C209*(E209-$A209)-$B209)/($A$2-$C209),=F209-($A$2*F209-2*$A209*PI()-$C209*(F209-$A209)-$B209)/($A$2-$C209),=A209,=J209-H209,=G209
206,3.53087581808364,=(B211-B209)/2,=G209+1,=D210-($A$2*D210-2*$A210*PI()-$C210*(D210-$A210)-$B210)/($A$2-$C210),=E210-($A$2*E210-2*$A210*PI()-$C210*(E210-$A210)-$B210)/($A$2-$C210),=F210-($A$2*F210-2*$A210*PI()-$C210*(F210-$A210)-$B210)/($A$2-$C210),=A210,=J210-H210,=G210
207,3.5475596079101,=(B212-B210)/2,=G210+1,=D211-($A$2*D211-2*$A211*PI()-$C211*(D211-$A211)-$B211)/($A$2-$C211),=E211-($A$2*E211-2*$A211*PI()-$C211*(E211-$A211)-$B211)/($A$2-$C211),=F211-($A$2*F211-2*$A211*PI()-$C211*(F211-$A211)-$B211)/($A$2-$C211),=A211,=J211-H211,=G211
208,3.5642471268021,=(B213-B211)/2,=G211+1,=D212-($A$2*D212-2*$A212*PI()-$C212*(D212-$A212)-$B212)/($A$2-$C212),=E212-($A$2*E212-2*$A212*PI()-$C212*(E212-$A212)-$B212)/($A$2-$C212),=F212-($A$2*F212-2*$A212*PI()-$C212*(F212-$A212)-$B212)/($A$2-$C212),=A212,=J212-H212,=G212
209,3.58093852032805,=(B214-B212)/2,=G212+1,=D213-($A$2*D213-2*$A213*PI()-$C213*(D213-$A213)-$B213)/($A$2-$C213),=E213-($A$2*E213-2*$A213*PI()-$C213*(E213-$A213)-$B213)/($A$2-$C213),=F213-($A$2*F213-2*$A213*PI()-$C213*(F213-$A213)-$B213)/($A$2-$C213),=A213,=J213-H213,=G213
210,3.59763393316135,=(B215-B213)/2,=G213+1,=D214-($A$2*D214-2*$A214*PI()-$C214*(D214-$A214)-$B214)/($A$2-$C214),=E214-($A$2*E214-2*$A214*PI()-$C214*(E214-$A214)-$B214)/($A$2-$C214),=F214-($A$2*F214-2*$A214*PI()-$C214*(F214-$A214)-$B214)/($A$2-$C214),=A214,=J214-H214,=G214
211,3.61433350904507,=(B216-B214)/2,=G214+1,=D215-($A$2*D215-2*$A215*PI()-$C215*(D215-$A215)-$B215)/($A$2-$C215),=E215-($A$2*E215-2*$A215*PI()-$C215*(E215-$A215)-$B215)/($A$2-$C215),=F215-($A$2*F215-2*$A215*PI()-$C215*(F215-$A215)-$B215)/($A$2-$C215),=A215,=J215-H215,=G215
212,3.6310373907567,=(B217-B215)/2,=G215+1,=D216-($A$2*D216-2*$A216*PI()-$C216*(D216-$A216)-$B216)/($A$2-$C216),=E216-($A$2*E216-2*$A216*PI()-$C216*(E216-$A216)-$B216)/($A$2-$C216),=F216-($A$2*F216-2*$A216*PI()-$C216*(F216-$A216)-$B216)/($A$2-$C216),=A216,=J216-H216,=G216
213,3.64774572007285,=(B218-B216)/2,=G216+1,=D217-($A$2*D217-2*$A217*PI()-$C217*(D217-$A217)-$B217)/($A$2-$C217),=E217-($A$2*E217-2*$A217*PI()-$C217*(E217-$A217)-$B217)/($A$2-$C217),=F217-($A$2*F217-2*$A217*PI()-$C217*(F217-$A217)-$B217)/($A$2-$C217),=A217,=J217-H217,=G217
214,3.66445863773402,=(B219-B217)/2,=G217+1,=D218-($A$2*D218-2*$A218*PI()-$C218*(D218-$A218)-$B218)/($A$2-$C218),=E218-($A$2*E218-2*$A218*PI()-$C218*(E218-$A218)-$B218)/($A$2-$C218),=F218-($A$2*F218-2*$A218*PI()-$C218*(F218-$A218)-$B218)/($A$2-$C218),=A218,=J218-H218,=G218
215,3.68117628340936,=(B220-B218)/2,=G218+1,=D219-($A$2*D219-2*$A219*PI()-$C219*(D219-$A219)-$B219)/($A$2-$C219),=E219-($A$2*E219-2*$A219*PI()-$C219*(E219-$A219)-$B219)/($A$2-$C219),=F219-($A$2*F219-2*$A219*PI()-$C219*(F219-$A219)-$B219)/($A$2-$C219),=A219,=J219-H219,=G219
216,3.69789879566142,=(B221-B219)/2,=G219+1,=D220-($A$2*D220-2*$A220*PI()-$C220*(D220-$A220)-$B220)/($A$2-$C220),=E220-($A$2*E220-2*$A220*PI()-$C220*(E220-$A220)-$B220)/($A$2-$C220),=F220-($A$2*F220-2*$A220*PI()-$C220*(F220-$A220)-$B220)/($A$2-$C220),=A220,=J220-H220,=G220
217,3.71462631191103,=(B222-B220)/2,=G220+1,=D221-($A$2*D221-2*$A221*PI()-$C221*(D221-$A221)-$B221)/($A$2-$C221),=E221-($A$2*E221-2*$A221*PI()-$C221*(E221-$A221)-$B221)/($A$2-$C221),=F221-($A$2*F221-2*$A221*PI()-$C221*(F221-$A221)-$B221)/($A$2-$C221),=A221,=J221-H221,=G221
218,3.73135896840204,=(B223-B221)/2,=G221+1,=D222-($A$2*D222-2*$A222*PI()-$C222*(D222-$A222)-$B222)/($A$2-$C222),=E222-($A$2*E222-2*$A222*PI()-$C222*(E222-$A222)-$B222)/($A$2-$C222),=F222-($A$2*F222-2*$A222*PI()-$C222*(F222-$A222)-$B222)/($A$2-$C222),=A222,=J222-H222,=G222
219,3.74809690016625,=(B224-B222)/2,=G222+1,=D223-($A$2*D223-2*$A223*PI()-$C223*(D223-$A223)-$B223)/($A$2-$C223),=E223-($A$2*E223-2*$A223*PI()-$C223*(E223-$A223)-$B223)/($A$2-$C223),=F223-($A$2*F223-2*$A223*PI()-$C223*(F223-$A223)-$B223)/($A$2-$C223),=A223,=J223-H223,=G223
220,3.7648402409883,=(B225-B223)/2,=G223+1,=D224-($A$2*D224-2*$A224*PI()-$C224*(D224-$A224)-$B224)/($A$2-$C224),=E224-($A$2*E224-2*$A224*PI()-$C224*(E224-$A224)-$B224)/($A$2-$C224),=F224-($A$2*F224-2*$A224*PI()-$C224*(F224-$A224)-$B224)/($A$2-$C224),=A224,=J224-H224,=G224
221,3.78158912337056,=(B226-B224)/2,=G224+1,=D225-($A$2*D225-2*$A225*PI()-$C225*(D225-$A225)-$B225)/($A$2-$C225),=E225-($A$2*E225-2*$A225*PI()-$C225*(E225-$A225)-$B225)/($A$2-$C225),=F225-($A$2*F225-2*$A225*PI()-$C225*(F225-$A225)-$B225)/($A$2-$C225),=A225,=J225-H225,=G225
222,3.79834367849818,=(B227-B225)/2,=G225+1,=D226-($A$2*D226-2*$A226*PI()-$C226*(D226-$A226)-$B226)/($A$2-$C226),=E226-($A$2*E226-2*$A226*PI()-$C226*(E226-$A226)-$B226)/($A$2-$C226),=F226-($A$2*F226-2*$A226*PI()-$C226*(F226-$A226)-$B226)/($A$2-$C226),=A226,=J226-H226,=G226
223,3.81510403620405,=(B228-B226)/2,=G226+1,=D227-($A$2*D227-2*$A227*PI()-$C227*(D227-$A227)-$B227)/($A$2-$C227),=E227-($A$2*E227-2*$A227*PI()-$C227*(E227-$A227)-$B227)/($A$2-$C227),=F227-($A$2*F227-2*$A227*PI()-$C227*(F227-$A227)-$B227)/($A$2-$C227),=A227,=J227-H227,=G227
224,3.83187032493396,=(B229-B227)/2,=G227+1,=D228-($A$2*D228-2*$A228*PI()-$C228*(D228-$A228)-$B228)/($A$2-$C228),=E228-($A$2*E228-2*$A228*PI()-$C228*(E228-$A228)-$B228)/($A$2-$C228),=F228-($A$2*F228-2*$A228*PI()-$C228*(F228-$A228)-$B228)/($A$2-$C228),=A228,=J228-H228,=G228
225,3.84864267171166,=(B230-B228)/2,=G228+1,=D229-($A$2*D229-2*$A229*PI()-$C229*(D229-$A229)-$B229)/($A$2-$C229),=E229-($A$2*E229-2*$A229*PI()-$C229*(E229-$A229)-$B229)/($A$2-$C229),=F229-($A$2*F229-2*$A229*PI()-$C229*(F229-$A229)-$B229)/($A$2-$C229),=A229,=J229-H229,=G229
226,3.86542120210413,=(B231-B229)/2,=G229+1,=D230-($A$2*D230-2*$A230*PI()-$C230*(D230-$A230)-$B230)/($A$2-$C230),=E230-($A$2*E230-2*$A230*PI()-$C230*(E230-$A230)-$B230)/($A$2-$C230),=F230-($A$2*F230-2*$A230*PI()-$C230*(F230-$A230)-$B230)/($A$2-$C230),=A230,=J230-H230,=G230
227,3.88220604018683,=(B232-B230)/2,=G230+1,=D231-($A$2*D231-2*$A231*PI()-$C231*(D231-$A231)-$B231)/($A$2-$C231),=E231-($A$2*E231-2*$A231*PI()-$C231*(E231-$A231)-$B231)/($A$2-$C231),=F231-($A$2*F231-2*$A231*PI()-$C231*(F231-$A231)-$B231)/($A$2-$C231),=A231,=J231-H231,=G231
228,3.89899730850907,=(B233-B231)/2,=G231+1,=D232-($A$2*D232-2*$A232*PI()-$C232*(D232-$A232)-$B232)/($A$2-$C232),=E232-($A$2*E232-2*$A232*PI()-$C232*(E232-$A232)-$B232)/($A$2-$C232),=F232-($A$2*F232-2*$A232*PI()-$C232*(F232-$A232)-$B232)/($A$2-$C232),=A232,=J232-H232,=G232
229,3.91579512805944,=(B234-B232)/2,=G232+1,=D233-($A$2*D233-2*$A233*PI()-$C233*(D233-$A233)-$B233)/($A$2-$C233),=E233-($A$2*E233-2*$A233*PI()-$C233*(E233-$A233)-$B233)/($A$2-$C233),=F233-($A$2*F233-2*$A233*PI()-$C233*(F233-$A233)-$B233)/($A$2-$C233),=A233,=J233-H233,=G233
230,3.93259961823136,=(B235-B233)/2,=G233+1,=D234-($A$2*D234-2*$A234*PI()-$C234*(D234-$A234)-$B234)/($A$2-$C234),=E234-($A$2*E234-2*$A234*PI()-$C234*(E234-$A234)-$B234)/($A$2-$C234),=F234-($A$2*F234-2*$A234*PI()-$C234*(F234-$A234)-$B234)/($A$2-$C234),=A234,=J234-H234,=G234
231,3.94941089678869,=(B236-B234)/2,=G234+1,=D235-($A$2*D235-2*$A235*PI()-$C235*(D235-$A235)-$B235)/($A$2-$C235),=E235-($A$2*E235-2*$A235*PI()-$C235*(E235-$A235)-$B235)/($A$2-$C235),=F235-($A$2*F235-2*$A235*PI()-$C235*(F235-$A235)-$B235)/($A$2-$C235),=A235,=J235-H235,=G235
232,3.96622907983148,=(B237-B235)/2,=G235+1,=D236-($A$2*D236-2*$A236*PI()-$C236*(D236-$A236)-$B236)/($A$2-$C236),=E236-($A$2*E236-2*$A236*PI()-$C236*(E236-$A236)-$B236)/($A$2-$C236),=F236-($A$2*F236-2*$A236*PI()-$C236*(F236-$A236)-$B236)/($A$2-$C236),=A236,=J236-H236,=G236
233,3.98305428176183,=(B238-B236)/2,=G236+1,=D237-($A$2*D237-2*$A237*PI()-$C237*(D237-$A237)-$B237)/($A$2-$C237),=E237-($A$2*E237-2*$A237*PI()-$C237*(E237-$A237)-$B237)/($A$2-$C237),=F237-($A$2*F237-2*$A237*PI()-$C237*(F237-$A237)-$B237)/($A$2-$C237),=A237,=J237-H237,=G237
234,3.99988661524984,=(B239-B237)/2,=G237+1,=D238-($A$2*D238-2*$A238*PI()-$C238*(D238-$A238)-$B238)/($A$2-$C238),=E238-($A$2*E238-2*$A238*PI()-$C238*(E238-$A238)-$B238)/($A$2-$C238),=F238-($A$2*F238-2*$A238*PI()-$C238*(F238-$A238)-$B238)/($A$2-$C238),=A238,=J238-H238,=G238
235,4.01672619119974,=(B240-B238)/2,=G238+1,=D239-($A$2*D239-2*$A239*PI()-$C239*(D239-$A239)-$B239)/($A$2-$C239),=E239-($A$2*E239-2*$A239*PI()-$C239*(E239-$A239)-$B239)/($A$2-$C239),=F239-($A$2*F239-2*$A239*PI()-$C239*(F239-$A239)-$B239)/($A$2-$C239),=A239,=J239-H239,=G239
236,4.03357311871616,=(B241-B239)/2,=G239+1,=D240-($A$2*D240-2*$A240*PI()-$C240*(D240-$A240)-$B240)/($A$2-$C240),=E240-($A$2*E240-2*$A240*PI()-$C240*(E240-$A240)-$B240)/($A$2-$C240),=F240-($A$2*F240-2*$A240*PI()-$C240*(F240-$A240)-$B240)/($A$2-$C240),=A240,=J240-H240,=G240
237,4.05042750507046,=(B242-B240)/2,=G240+1,=D241-($A$2*D241-2*$A241*PI()-$C241*(D241-$A241)-$B241)/($A$2-$C241),=E241-($A$2*E241-2*$A241*PI()-$C241*(E241-$A241)-$B241)/($A$2-$C241),=F241-($A$2*F241-2*$A241*PI()-$C241*(F241-$A241)-$B241)/($A$2-$C241),=A241,=J241-H241,=G241
238,4.06728945566736,=(B243-B241)/2,=G241+1,=D242-($A$2*D242-2*$A242*PI()-$C242*(D242-$A242)-$B242)/($A$2-$C242),=E242-($A$2*E242-2*$A242*PI()-$C242*(E242-$A242)-$B242)/($A$2-$C242),=F242-($A$2*F242-2*$A242*PI()-$C242*(F242-$A242)-$B242)/($A$2-$C242),=A242,=J242-H242,=G242
239,4.08415907401162,=(B244-B242)/2,=G242+1,=D243-($A$2*D243-2*$A243*PI()-$C243*(D243-$A243)-$B243)/($A$2-$C243),=E243-($A$2*E243-2*$A243*PI()-$C243*(E243-$A243)-$B243)/($A$2-$C243),=F243-($A$2*F243-2*$A243*PI()-$C243*(F243-$A243)-$B243)/($A$2-$C243),=A243,=J243-H243,=G243
240,4.10103646167497,=(B245-B243)/2,=G243+1,=D244-($A$2*D244-2*$A244*PI()-$C244*(D244-$A244)-$B244)/($A$2-$C244),=E244-($A$2*E244-2*$A244*PI()-$C244*(E244-$A244)-$B244)/($A$2-$C244),=F244-($A$2*F244-2*$A244*PI()-$C244*(F244-$A244)-$B244)/($A$2-$C244),=A244,=J244-H244,=G244
241,4.1179217182632,=(B246-B244)/2,=G244+1,=D245-($A$2*D245-2*$A245*PI()-$C245*(D245-$A245)-$B245)/($A$2-$C245),=E245-($A$2*E245-2*$A245*PI()-$C245*(E245-$A245)-$B245)/($A$2-$C245),=F245-($A$2*F245-2*$A245*PI()-$C245*(F245-$A245)-$B245)/($A$2-$C245),=A245,=J245-H245,=G245
242,4.13481494138346,=(B247-B245)/2,=G245+1,=D246-($A$2*D246-2*$A246*PI()-$C246*(D246-$A246)-$B246)/($A$2-$C246),=E246-($A$2*E246-2*$A246*PI()-$C246*(E246-$A246)-$B246)/($A$2-$C246),=F246-($A$2*F246-2*$A246*PI()-$C246*(F246-$A246)-$B246)/($A$2-$C246),=A246,=J246-H246,=G246
243,4.15171622661179,=(B248-B246)/2,=G246+1,=D247-($A$2*D247-2*$A247*PI()-$C247*(D247-$A247)-$B247)/($A$2-$C247),=E247-($A$2*E247-2*$A247*PI()-$C247*(E247-$A247)-$B247)/($A$2-$C247),=F247-($A$2*F247-2*$A247*PI()-$C247*(F247-$A247)-$B247)/($A$2-$C247),=A247,=J247-H247,=G247
244,4.16862566746084,=(B249-B247)/2,=G247+1,=D248-($A$2*D248-2*$A248*PI()-$C248*(D248-$A248)-$B248)/($A$2-$C248),=E248-($A$2*E248-2*$A248*PI()-$C248*(E248-$A248)-$B248)/($A$2-$C248),=F248-($A$2*F248-2*$A248*PI()-$C248*(F248-$A248)-$B248)/($A$2-$C248),=A248,=J248-H248,=G248
245,4.18554335534784,=(B250-B248)/2,=G248+1,=D249-($A$2*D249-2*$A249*PI()-$C249*(D249-$A249)-$B249)/($A$2-$C249),=E249-($A$2*E249-2*$A249*PI()-$C249*(E249-$A249)-$B249)/($A$2-$C249),=F249-($A$2*F249-2*$A249*PI()-$C249*(F249-$A249)-$B249)/($A$2-$C249),=A249,=J249-H249,=G249
246,4.20246937956287,=(B251-B249)/2,=G249+1,=D250-($A$2*D250-2*$A250*PI()-$C250*(D250-$A250)-$B250)/($A$2-$C250),=E250-($A$2*E250-2*$A250*PI()-$C250*(E250-$A250)-$B250)/($A$2-$C250),=F250-($A$2*F250-2*$A250*PI()-$C250*(F250-$A250)-$B250)/($A$2-$C250),=A250,=J250-H250,=G250
247,4.2194038272373,=(B252-B250)/2,=G250+1,=D251-($A$2*D251-2*$A251*PI()-$C251*(D251-$A251)-$B251)/($A$2-$C251),=E251-($A$2*E251-2*$A251*PI()-$C251*(E251-$A251)-$B251)/($A$2-$C251),=F251-($A$2*F251-2*$A251*PI()-$C251*(F251-$A251)-$B251)/($A$2-$C251),=A251,=J251-H251,=G251
248,4.23634678331257,=(B253-B251)/2,=G251+1,=D252-($A$2*D252-2*$A252*PI()-$C252*(D252-$A252)-$B252)/($A$2-$C252),=E252-($A$2*E252-2*$A252*PI()-$C252*(E252-$A252)-$B252)/($A$2-$C252),=F252-($A$2*F252-2*$A252*PI()-$C252*(F252-$A252)-$B252)/($A$2-$C252),=A252,=J252-H252,=G252
249,4.25329833050925,=(B254-B252)/2,=G252+1,=D253-($A$2*D253-2*$A253*PI()-$C253*(D253-$A253)-$B253)/($A$2-$C253),=E253-($A$2*E253-2*$A253*PI()-$C253*(E253-$A253)-$B253)/($A$2-$C253),=F253-($A$2*F253-2*$A253*PI()-$C253*(F253-$A253)-$B253)/($A$2-$C253),=A253,=J253-H253,=G253
250,4.27025854929641,=(B255-B253)/2,=G253+1,=D254-($A$2*D254-2*$A254*PI()-$C254*(D254-$A254)-$B254)/($A$2-$C254),=E254-($A$2*E254-2*$A254*PI()-$C254*(E254-$A254)-$B254)/($A$2-$C254),=F254-($A$2*F254-2*$A254*PI()-$C254*(F254-$A254)-$B254)/($A$2-$C254),=A254,=J254-H254,=G254
251,4.28722751786127,=(B256-B254)/2,=G254+1,=D255-($A$2*D255-2*$A255*PI()-$C255*(D255-$A255)-$B255)/($A$2-$C255),=E255-($A$2*E255-2*$A255*PI()-$C255*(E255-$A255)-$B255)/($A$2-$C255),=F255-($A$2*F255-2*$A255*PI()-$C255*(F255-$A255)-$B255)/($A$2-$C255),=A255,=J255-H255,=G255
252,4.30420531207919,=(B257-B255)/2,=G255+1,=D256-($A$2*D256-2*$A256*PI()-$C256*(D256-$A256)-$B256)/($A$2-$C256),=E256-($A$2*E256-2*$A256*PI()-$C256*(E256-$A256)-$B256)/($A$2-$C256),=F256-($A$2*F256-2*$A256*PI()-$C256*(F256-$A256)-$B256)/($A$2-$C256),=A256,=J256-H256,=G256
253,4.32119200548409,=(B258-B256)/2,=G256+1,=D257-($A$2*D257-2*$A257*PI()-$C257*(D257-$A257)-$B257)/($A$2-$C257),=E257-($A$2*E257-2*$A257*PI()-$C257*(E257-$A257)-$B257)/($A$2-$C257),=F257-($A$2*F257-2*$A257*PI()-$C257*(F257-$A257)-$B257)/($A$2-$C257),=A257,=J257-H257,=G257
254,4.33818766923908,=(B259-B257)/2,=G257+1,=D258-($A$2*D258-2*$A258*PI()-$C258*(D258-$A258)-$B258)/($A$2-$C258),=E258-($A$2*E258-2*$A258*PI()-$C258*(E258-$A258)-$B258)/($A$2-$C258),=F258-($A$2*F258-2*$A258*PI()-$C258*(F258-$A258)-$B258)/($A$2-$C258),=A258,=J258-H258,=G258
255,4.35519237210761,=(B260-B258)/2,=G258+1,=D259-($A$2*D259-2*$A259*PI()-$C259*(D259-$A259)-$B259)/($A$2-$C259),=E259-($A$2*E259-2*$A259*PI()-$C259*(E259-$A259)-$B259)/($A$2-$C259),=F259-($A$2*F259-2*$A259*PI()-$C259*(F259-$A259)-$B259)/($A$2-$C259),=A259,=J259-H259,=G259
256,4.37220618042493,=(B261-B259)/2,=G259+1,=D260-($A$2*D260-2*$A260*PI()-$C260*(D260-$A260)-$B260)/($A$2-$C260),=E260-($A$2*E260-2*$A260*PI()-$C260*(E260-$A260)-$B260)/($A$2-$C260),=F260-($A$2*F260-2*$A260*PI()-$C260*(F260-$A260)-$B260)/($A$2-$C260),=A260,=J260-H260,=G260
257,4.38922915806999,=(B262-B260)/2,=G260+1,=D261-($A$2*D261-2*$A261*PI()-$C261*(D261-$A261)-$B261)/($A$2-$C261),=E261-($A$2*E261-2*$A261*PI()-$C261*(E261-$A261)-$B261)/($A$2-$C261),=F261-($A$2*F261-2*$A261*PI()-$C261*(F261-$A261)-$B261)/($A$2-$C261),=A261,=J261-H261,=G261
258,4.40626136643771,=(B263-B261)/2,=G261+1,=D262-($A$2*D262-2*$A262*PI()-$C262*(D262-$A262)-$B262)/($A$2-$C262),=E262-($A$2*E262-2*$A262*PI()-$C262*(E262-$A262)-$B262)/($A$2-$C262),=F262-($A$2*F262-2*$A262*PI()-$C262*(F262-$A262)-$B262)/($A$2-$C262),=A262,=J262-H262,=G262
259,4.42330286441182,=(B264-B262)/2,=G262+1,=D263-($A$2*D263-2*$A263*PI()-$C263*(D263-$A263)-$B263)/($A$2-$C263),=E263-($A$2*E263-2*$A263*PI()-$C263*(E263-$A263)-$B263)/($A$2-$C263),=F263-($A$2*F263-2*$A263*PI()-$C263*(F263-$A263)-$B263)/($A$2-$C263),=A263,=J263-H263,=G263
260,4.44035370833801,=(B265-B263)/2,=G263+1,=D264-($A$2*D264-2*$A264*PI()-$C264*(D264-$A264)-$B264)/($A$2-$C264),=E264-($A$2*E264-2*$A264*PI()-$C264*(E264-$A264)-$B264)/($A$2-$C264),=F264-($A$2*F264-2*$A264*PI()-$C264*(F264-$A264)-$B264)/($A$2-$C264),=A264,=J264-H264,=G264
261,4.45741395199764,=(B266-B264)/2,=G264+1,=D265-($A$2*D265-2*$A265*PI()-$C265*(D265-$A265)-$B265)/($A$2-$C265),=E265-($A$2*E265-2*$A265*PI()-$C265*(E265-$A265)-$B265)/($A$2-$C265),=F265-($A$2*F265-2*$A265*PI()-$C265*(F265-$A265)-$B265)/($A$2-$C265),=A265,=J265-H265,=G265
262,4.4744836465819,=(B267-B265)/2,=G265+1,=D266-($A$2*D266-2*$A266*PI()-$C266*(D266-$A266)-$B266)/($A$2-$C266),=E266-($A$2*E266-2*$A266*PI()-$C266*(E266-$A266)-$B266)/($A$2-$C266),=F266-($A$2*F266-2*$A266*PI()-$C266*(F266-$A266)-$B266)/($A$2-$C266),=A266,=J266-H266,=G266
263,4.49156284066657,=(B268-B266)/2,=G266+1,=D267-($A$2*D267-2*$A267*PI()-$C267*(D267-$A267)-$B267)/($A$2-$C267),=E267-($A$2*E267-2*$A267*PI()-$C267*(E267-$A267)-$B267)/($A$2-$C267),=F267-($A$2*F267-2*$A267*PI()-$C267*(F267-$A267)-$B267)/($A$2-$C267),=A267,=J267-H267,=G267
264,4.50865158018714,=(B269-B267)/2,=G267+1,=D268-($A$2*D268-2*$A268*PI()-$C268*(D268-$A268)-$B268)/($A$2-$C268),=E268-($A$2*E268-2*$A268*PI()-$C268*(E268-$A268)-$B268)/($A$2-$C268),=F268-($A$2*F268-2*$A268*PI()-$C268*(F268-$A268)-$B268)/($A$2-$C268),=A268,=J268-H268,=G268
265,4.52574990841466,=(B270-B268)/2,=G268+1,=D269-($A$2*D269-2*$A269*PI()-$C269*(D269-$A269)-$B269)/($A$2-$C269),=E269-($A$2*E269-2*$A269*PI()-$C269*(E269-$A269)-$B269)/($A$2-$C269),=F269-($A$2*F269-2*$A269*PI()-$C269*(F269-$A269)-$B269)/($A$2-$C269),=A269,=J269-H269,=G269
266,4.54285786593202,=(B271-B269)/2,=G269+1,=D270-($A$2*D270-2*$A270*PI()-$C270*(D270-$A270)-$B270)/($A$2-$C270),=E270-($A$2*E270-2*$A270*PI()-$C270*(E270-$A270)-$B270)/($A$2-$C270),=F270-($A$2*F270-2*$A270*PI()-$C270*(F270-$A270)-$B270)/($A$2-$C270),=A270,=J270-H270,=G270
267,4.55997549061088,=(B272-B270)/2,=G270+1,=D271-($A$2*D271-2*$A271*PI()-$C271*(D271-$A271)-$B271)/($A$2-$C271),=E271-($A$2*E271-2*$A271*PI()-$C271*(E271-$A271)-$B271)/($A$2-$C271),=F271-($A$2*F271-2*$A271*PI()-$C271*(F271-$A271)-$B271)/($A$2-$C271),=A271,=J271-H271,=G271
268,4.57710281758918,=(B273-B271)/2,=G271+1,=D272-($A$2*D272-2*$A272*PI()-$C272*(D272-$A272)-$B272)/($A$2-$C272),=E272-($A$2*E272-2*$A272*PI()-$C272*(E272-$A272)-$B272)/($A$2-$C272),=F272-($A$2*F272-2*$A272*PI()-$C272*(F272-$A272)-$B272)/($A$2-$C272),=A272,=J272-H272,=G272
269,4.59423987924925,=(B274-B272)/2,=G272+1,=D273-($A$2*D273-2*$A273*PI()-$C273*(D273-$A273)-$B273)/($A$2-$C273),=E273-($A$2*E273-2*$A273*PI()-$C273*(E273-$A273)-$B273)/($A$2-$C273),=F273-($A$2*F273-2*$A273*PI()-$C273*(F273-$A273)-$B273)/($A$2-$C273),=A273,=J273-H273,=G273
270,4.61138670519661,=(B275-B273)/2,=G273+1,=D274-($A$2*D274-2*$A274*PI()-$C274*(D274-$A274)-$B274)/($A$2-$C274),=E274-($A$2*E274-2*$A274*PI()-$C274*(E274-$A274)-$B274)/($A$2-$C274),=F274-($A$2*F274-2*$A274*PI()-$C274*(F274-$A274)-$B274)/($A$2-$C274),=A274,=J274-H274,=G274
271,4.62854332223938,=(B276-B274)/2,=G274+1,=D275-($A$2*D275-2*$A275*PI()-$C275*(D275-$A275)-$B275)/($A$2-$C275),=E275-($A$2*E275-2*$A275*PI()-$C275*(E275-$A275)-$B275)/($A$2-$C275),=F275-($A$2*F275-2*$A275*PI()-$C275*(F275-$A275)-$B275)/($A$2-$C275),=A275,=J275-H275,=G275
272,4.64570975436836,=(B277-B275)/2,=G275+1,=D276-($A$2*D276-2*$A276*PI()-$C276*(D276-$A276)-$B276)/($A$2-$C276),=E276-($A$2*E276-2*$A276*PI()-$C276*(E276-$A276)-$B276)/($A$2-$C276),=F276-($A$2*F276-2*$A276*PI()-$C276*(F276-$A276)-$B276)/($A$2-$C276),=A276,=J276-H276,=G276
273,4.66288602273788,=(B278-B276)/2,=G276+1,=D277-($A$2*D277-2*$A277*PI()-$C277*(D277-$A277)-$B277)/($A$2-$C277),=E277-($A$2*E277-2*$A277*PI()-$C277*(E277-$A277)-$B277)/($A$2-$C277),=F277-($A$2*F277-2*$A277*PI()-$C277*(F277-$A277)-$B277)/($A$2-$C277),=A277,=J277-H277,=G277
274,4.68007214564725,=(B279-B277)/2,=G277+1,=D278-($A$2*D278-2*$A278*PI()-$C278*(D278-$A278)-$B278)/($A$2-$C278),=E278-($A$2*E278-2*$A278*PI()-$C278*(E278-$A278)-$B278)/($A$2-$C278),=F278-($A$2*F278-2*$A278*PI()-$C278*(F278-$A278)-$B278)/($A$2-$C278),=A278,=J278-H278,=G278
275,4.69726813852303,=(B280-B278)/2,=G278+1,=D279-($A$2*D279-2*$A279*PI()-$C279*(D279-$A279)-$B279)/($A$2-$C279),=E279-($A$2*E279-2*$A279*PI()-$C279*(E279-$A279)-$B279)/($A$2-$C279),=F279-($A$2*F279-2*$A279*PI()-$C279*(F279-$A279)-$B279)/($A$2-$C279),=A279,=J279-H279,=G279
276,4.71447401390203,=(B281-B279)/2,=G279+1,=D280-($A$2*D280-2*$A280*PI()-$C280*(D280-$A280)-$B280)/($A$2-$C280),=E280-($A$2*E280-2*$A280*PI()-$C280*(E280-$A280)-$B280)/($A$2-$C280),=F280-($A$2*F280-2*$A280*PI()-$C280*(F280-$A280)-$B280)/($A$2-$C280),=A280,=J280-H280,=G280
277,4.73168978141508,=(B282-B280)/2,=G280+1,=D281-($A$2*D281-2*$A281*PI()-$C281*(D281-$A281)-$B281)/($A$2-$C281),=E281-($A$2*E281-2*$A281*PI()-$C281*(E281-$A281)-$B281)/($A$2-$C281),=F281-($A$2*F281-2*$A281*PI()-$C281*(F281-$A281)-$B281)/($A$2-$C281),=A281,=J281-H281,=G281
278,4.74891544777159,=(B283-B281)/2,=G281+1,=D282-($A$2*D282-2*$A282*PI()-$C282*(D282-$A282)-$B282)/($A$2-$C282),=E282-($A$2*E282-2*$A282*PI()-$C282*(E282-$A282)-$B282)/($A$2-$C282),=F282-($A$2*F282-2*$A282*PI()-$C282*(F282-$A282)-$B282)/($A$2-$C282),=A282,=J282-H282,=G282
279,4.76615101674488,=(B284-B282)/2,=G282+1,=D283-($A$2*D283-2*$A283*PI()-$C283*(D283-$A283)-$B283)/($A$2-$C283),=E283-($A$2*E283-2*$A283*PI()-$C283*(E283-$A283)-$B283)/($A$2-$C283),=F283-($A$2*F283-2*$A283*PI()-$C283*(F283-$A283)-$B283)/($A$2-$C283),=A283,=J283-H283,=G283
280,4.78339648915845,=(B285-B283)/2,=G283+1,=D284-($A$2*D284-2*$A284*PI()-$C284*(D284-$A284)-$B284)/($A$2-$C284),=E284-($A$2*E284-2*$A284*PI()-$C284*(E284-$A284)-$B284)/($A$2-$C284),=F284-($A$2*F284-2*$A284*PI()-$C284*(F284-$A284)-$B284)/($A$2-$C284),=A284,=J284-H284,=G284
281,4.80065186287296,=(B286-B284)/2,=G284+1,=D285-($A$2*D285-2*$A285*PI()-$C285*(D285-$A285)-$B285)/($A$2-$C285),=E285-($A$2*E285-2*$A285*PI()-$C285*(E285-$A285)-$B285)/($A$2-$C285),=F285-($A$2*F285-2*$A285*PI()-$C285*(F285-$A285)-$B285)/($A$2-$C285),=A285,=J285-H285,=G285
282,4.81791713277421,=(B287-B285)/2,=G285+1,=D286-($A$2*D286-2*$A286*PI()-$C286*(D286-$A286)-$B286)/($A$2-$C286),=E286-($A$2*E286-2*$A286*PI()-$C286*(E286-$A286)-$B286)/($A$2-$C286),=F286-($A$2*F286-2*$A286*PI()-$C286*(F286-$A286)-$B286)/($A$2-$C286),=A286,=J286-H286,=G286
283,4.83519229076188,=(B288-B286)/2,=G286+1,=D287-($A$2*D287-2*$A287*PI()-$C287*(D287-$A287)-$B287)/($A$2-$C287),=E287-($A$2*E287-2*$A287*PI()-$C287*(E287-$A287)-$B287)/($A$2-$C287),=F287-($A$2*F287-2*$A287*PI()-$C287*(F287-$A287)-$B287)/($A$2-$C287),=A287,=J287-H287,=G287
284,4.85247732573927,=(B289-B287)/2,=G287+1,=D288-($A$2*D288-2*$A288*PI()-$C288*(D288-$A288)-$B288)/($A$2-$C288),=E288-($A$2*E288-2*$A288*PI()-$C288*(E288-$A288)-$B288)/($A$2-$C288),=F288-($A$2*F288-2*$A288*PI()-$C288*(F288-$A288)-$B288)/($A$2-$C288),=A288,=J288-H288,=G288
285,4.86977222360395,=(B290-B288)/2,=G288+1,=D289-($A$2*D289-2*$A289*PI()-$C289*(D289-$A289)-$B289)/($A$2-$C289),=E289-($A$2*E289-2*$A289*PI()-$C289*(E289-$A289)-$B289)/($A$2-$C289),=F289-($A$2*F289-2*$A289*PI()-$C289*(F289-$A289)-$B289)/($A$2-$C289),=A289,=J289-H289,=G289
286,4.88707696723929,=(B291-B289)/2,=G289+1,=D290-($A$2*D290-2*$A290*PI()-$C290*(D290-$A290)-$B290)/($A$2-$C290),=E290-($A$2*E290-2*$A290*PI()-$C290*(E290-$A290)-$B290)/($A$2-$C290),=F290-($A$2*F290-2*$A290*PI()-$C290*(F290-$A290)-$B290)/($A$2-$C290),=A290,=J290-H290,=G290
287,4.90439153650704,=(B292-B290)/2,=G290+1,=D291-($A$2*D291-2*$A291*PI()-$C291*(D291-$A291)-$B291)/($A$2-$C291),=E291-($A$2*E291-2*$A291*PI()-$C291*(E291-$A291)-$B291)/($A$2-$C291),=F291-($A$2*F291-2*$A291*PI()-$C291*(F291-$A291)-$B291)/($A$2-$C291),=A291,=J291-H291,=G291
288,4.92171590824082,=(B293-B291)/2,=G291+1,=D292-($A$2*D292-2*$A292*PI()-$C292*(D292-$A292)-$B292)/($A$2-$C292),=E292-($A$2*E292-2*$A292*PI()-$C292*(E292-$A292)-$B292)/($A$2-$C292),=F292-($A$2*F292-2*$A292*PI()-$C292*(F292-$A292)-$B292)/($A$2-$C292),=A292,=J292-H292,=G292
289,4.93905005624061,=(B294-B292)/2,=G292+1,=D293-($A$2*D293-2*$A293*PI()-$C293*(D293-$A293)-$B293)/($A$2-$C293),=E293-($A$2*E293-2*$A293*PI()-$C293*(E293-$A293)-$B293)/($A$2-$C293),=F293-($A$2*F293-2*$A293*PI()-$C293*(F293-$A293)-$B293)/($A$2-$C293),=A293,=J293-H293,=G293
290,4.95639395126834,=(B295-B293)/2,=G293+1,=D294-($A$2*D294-2*$A294*PI()-$C294*(D294-$A294)-$B294)/($A$2-$C294),=E294-($A$2*E294-2*$A294*PI()-$C294*(E294-$A294)-$B294)/($A$2-$C294),=F294-($A$2*F294-2*$A294*PI()-$C294*(F294-$A294)-$B294)/($A$2-$C294),=A294,=J294-H294,=G294
291,4.97374756104435,=(B296-B294)/2,=G294+1,=D295-($A$2*D295-2*$A295*PI()-$C295*(D295-$A295)-$B295)/($A$2-$C295),=E295-($A$2*E295-2*$A295*PI()-$C295*(E295-$A295)-$B295)/($A$2-$C295),=F295-($A$2*F295-2*$A295*PI()-$C295*(F295-$A295)-$B295)/($A$2-$C295),=A295,=J295-H295,=G295
292,4.9911108502451,=(B297-B295)/2,=G295+1,=D296-($A$2*D296-2*$A296*PI()-$C296*(D296-$A296)-$B296)/($A$2-$C296),=E296-($A$2*E296-2*$A296*PI()-$C296*(E296-$A296)-$B296)/($A$2-$C296),=F296-($A$2*F296-2*$A296*PI()-$C296*(F296-$A296)-$B296)/($A$2-$C296),=A296,=J296-H296,=G296
293,5.00848378050173,=(B298-B296)/2,=G296+1,=D297-($A$2*D297-2*$A297*PI()-$C297*(D297-$A297)-$B297)/($A$2-$C297),=E297-($A$2*E297-2*$A297*PI()-$C297*(E297-$A297)-$B297)/($A$2-$C297),=F297-($A$2*F297-2*$A297*PI()-$C297*(F297-$A297)-$B297)/($A$2-$C297),=A297,=J297-H297,=G297
294,5.02586631039988,=(B299-B297)/2,=G297+1,=D298-($A$2*D298-2*$A298*PI()-$C298*(D298-$A298)-$B298)/($A$2-$C298),=E298-($A$2*E298-2*$A298*PI()-$C298*(E298-$A298)-$B298)/($A$2-$C298),=F298-($A$2*F298-2*$A298*PI()-$C298*(F298-$A298)-$B298)/($A$2-$C298),=A298,=J298-H298,=G298
295,5.04325839548051,=(B300-B298)/2,=G298+1,=D299-($A$2*D299-2*$A299*PI()-$C299*(D299-$A299)-$B299)/($A$2-$C299),=E299-($A$2*E299-2*$A299*PI()-$C299*(E299-$A299)-$B299)/($A$2-$C299),=F299-($A$2*F299-2*$A299*PI()-$C299*(F299-$A299)-$B299)/($A$2-$C299),=A299,=J299-H299,=G299
296,5.06065998824183,=(B301-B299)/2,=G299+1,=D300-($A$2*D300-2*$A300*PI()-$C300*(D300-$A300)-$B300)/($A$2-$C300),=E300-($A$2*E300-2*$A300*PI()-$C300*(E300-$A300)-$B300)/($A$2-$C300),=F300-($A$2*F300-2*$A300*PI()-$C300*(F300-$A300)-$B300)/($A$2-$C300),=A300,=J300-H300,=G300
297,5.0780710381424,=(B302-B300)/2,=G300+1,=D301-($A$2*D301-2*$A301*PI()-$C301*(D301-$A301)-$B301)/($A$2-$C301),=E301-($A$2*E301-2*$A301*PI()-$C301*(E301-$A301)-$B301)/($A$2-$C301),=F301-($A$2*F301-2*$A301*PI()-$C301*(F301-$A301)-$B301)/($A$2-$C301),=A301,=J301-H301,=G301
298,5.09549149160535,=(B303-B301)/2,=G301+1,=D302-($A$2*D302-2*$A302*PI()-$C302*(D302-$A302)-$B302)/($A$2-$C302),=E302-($A$2*E302-2*$A302*PI()-$C302*(E302-$A302)-$B302)/($A$2-$C302),=F302-($A$2*F302-2*$A302*PI()-$C302*(F302-$A302)-$B302)/($A$2-$C302),=A302,=J302-H302,=G302
299,5.11292129202372,=(B304-B302)/2,=G302+1,=D303-($A$2*D303-2*$A303*PI()-$C303*(D303-$A303)-$B303)/($A$2-$C303),=E303-($A$2*E303-2*$A303*PI()-$C303*(E303-$A303)-$B303)/($A$2-$C303),=F303-($A$2*F303-2*$A303*PI()-$C303*(F303-$A303)-$B303)/($A$2-$C303),=A303,=J303-H303,=G303
300,5.13036037976701,=(B305-B303)/2,=G303+1,=D304-($A$2*D304-2*$A304*PI()-$C304*(D304-$A304)-$B304)/($A$2-$C304),=E304-($A$2*E304-2*$A304*PI()-$C304*(E304-$A304)-$B304)/($A$2-$C304),=F304-($A$2*F304-2*$A304*PI()-$C304*(F304-$A304)-$B304)/($A$2-$C304),=A304,=J304-H304,=G304
301,5.14780869218889,=(B306-B304)/2,=G304+1,=D305-($A$2*D305-2*$A305*PI()-$C305*(D305-$A305)-$B305)/($A$2-$C305),=E305-($A$2*E305-2*$A305*PI()-$C305*(E305-$A305)-$B305)/($A$2-$C305),=F305-($A$2*F305-2*$A305*PI()-$C305*(F305-$A305)-$B305)/($A$2-$C305),=A305,=J305-H305,=G305
302,5.16526616363612,=(B307-B305)/2,=G305+1,=D306-($A$2*D306-2*$A306*PI()-$C306*(D306-$A306)-$B306)/($A$2-$C306),=E306-($A$2*E306-2*$A306*PI()-$C306*(E306-$A306)-$B306)/($A$2-$C306),=F306-($A$2*F306-2*$A306*PI()-$C306*(F306-$A306)-$B306)/($A$2-$C306),=A306,=J306-H306,=G306
303,5.18273272545861,=(B308-B306)/2,=G306+1,=D307-($A$2*D307-2*$A307*PI()-$C307*(D307-$A307)-$B307)/($A$2-$C307),=E307-($A$2*E307-2*$A307*PI()-$C307*(E307-$A307)-$B307)/($A$2-$C307),=F307-($A$2*F307-2*$A307*PI()-$C307*(F307-$A307)-$B307)/($A$2-$C307),=A307,=J307-H307,=G307
304,5.20020830602077,=(B309-B307)/2,=G307+1,=D308-($A$2*D308-2*$A308*PI()-$C308*(D308-$A308)-$B308)/($A$2-$C308),=E308-($A$2*E308-2*$A308*PI()-$C308*(E308-$A308)-$B308)/($A$2-$C308),=F308-($A$2*F308-2*$A308*PI()-$C308*(F308-$A308)-$B308)/($A$2-$C308),=A308,=J308-H308,=G308
305,5.21769283071403,=(B310-B308)/2,=G308+1,=D309-($A$2*D309-2*$A309*PI()-$C309*(D309-$A309)-$B309)/($A$2-$C309),=E309-($A$2*E309-2*$A309*PI()-$C309*(E309-$A309)-$B309)/($A$2-$C309),=F309-($A$2*F309-2*$A309*PI()-$C309*(F309-$A309)-$B309)/($A$2-$C309),=A309,=J309-H309,=G309
306,5.23518622197061,=(B311-B309)/2,=G309+1,=D310-($A$2*D310-2*$A310*PI()-$C310*(D310-$A310)-$B310)/($A$2-$C310),=E310-($A$2*E310-2*$A310*PI()-$C310*(E310-$A310)-$B310)/($A$2-$C310),=F310-($A$2*F310-2*$A310*PI()-$C310*(F310-$A310)-$B310)/($A$2-$C310),=A310,=J310-H310,=G310
307,5.25268839927853,=(B312-B310)/2,=G310+1,=D311-($A$2*D311-2*$A311*PI()-$C311*(D311-$A311)-$B311)/($A$2-$C311),=E311-($A$2*E311-2*$A311*PI()-$C311*(E311-$A311)-$B311)/($A$2-$C311),=F311-($A$2*F311-2*$A311*PI()-$C311*(F311-$A311)-$B311)/($A$2-$C311),=A311,=J311-H311,=G311
308,5.27019927919782,=(B313-B311)/2,=G311+1,=D312-($A$2*D312-2*$A312*PI()-$C312*(D312-$A312)-$B312)/($A$2-$C312),=E312-($A$2*E312-2*$A312*PI()-$C312*(E312-$A312)-$B312)/($A$2-$C312),=F312-($A$2*F312-2*$A312*PI()-$C312*(F312-$A312)-$B312)/($A$2-$C312),=A312,=J312-H312,=G312
309,5.28771877537811,=(B314-B312)/2,=G312+1,=D313-($A$2*D313-2*$A313*PI()-$C313*(D313-$A313)-$B313)/($A$2-$C313),=E313-($A$2*E313-2*$A313*PI()-$C313*(E313-$A313)-$B313)/($A$2-$C313),=F313-($A$2*F313-2*$A313*PI()-$C313*(F313-$A313)-$B313)/($A$2-$C313),=A313,=J313-H313,=G313
310,5.30524679857729,=(B315-B313)/2,=G313+1,=D314-($A$2*D314-2*$A314*PI()-$C314*(D314-$A314)-$B314)/($A$2-$C314),=E314-($A$2*E314-2*$A314*PI()-$C314*(E314-$A314)-$B314)/($A$2-$C314),=F314-($A$2*F314-2*$A314*PI()-$C314*(F314-$A314)-$B314)/($A$2-$C314),=A314,=J314-H314,=G314
311,5.32278325668161,=(B316-B314)/2,=G314+1,=D315-($A$2*D315-2*$A315*PI()-$C315*(D315-$A315)-$B315)/($A$2-$C315),=E315-($A$2*E315-2*$A315*PI()-$C315*(E315-$A315)-$B315)/($A$2-$C315),=F315-($A$2*F315-2*$A315*PI()-$C315*(F315-$A315)-$B315)/($A$2-$C315),=A315,=J315-H315,=G315
312,5.34032805472696,=(B317-B315)/2,=G315+1,=D316-($A$2*D316-2*$A316*PI()-$C316*(D316-$A316)-$B316)/($A$2-$C316),=E316-($A$2*E316-2*$A316*PI()-$C316*(E316-$A316)-$B316)/($A$2-$C316),=F316-($A$2*F316-2*$A316*PI()-$C316*(F316-$A316)-$B316)/($A$2-$C316),=A316,=J316-H316,=G316
313,5.35788109492142,=(B318-B316)/2,=G316+1,=D317-($A$2*D317-2*$A317*PI()-$C317*(D317-$A317)-$B317)/($A$2-$C317),=E317-($A$2*E317-2*$A317*PI()-$C317*(E317-$A317)-$B317)/($A$2-$C317),=F317-($A$2*F317-2*$A317*PI()-$C317*(F317-$A317)-$B317)/($A$2-$C317),=A317,=J317-H317,=G317
314,5.37544227666911,=(B319-B317)/2,=G317+1,=D318-($A$2*D318-2*$A318*PI()-$C318*(D318-$A318)-$B318)/($A$2-$C318),=E318-($A$2*E318-2*$A318*PI()-$C318*(E318-$A318)-$B318)/($A$2-$C318),=F318-($A$2*F318-2*$A318*PI()-$C318*(F318-$A318)-$B318)/($A$2-$C318),=A318,=J318-H318,=G318
315,5.39301149659532,=(B320-B318)/2,=G318+1,=D319-($A$2*D319-2*$A319*PI()-$C319*(D319-$A319)-$B319)/($A$2-$C319),=E319-($A$2*E319-2*$A319*PI()-$C319*(E319-$A319)-$B319)/($A$2-$C319),=F319-($A$2*F319-2*$A319*PI()-$C319*(F319-$A319)-$B319)/($A$2-$C319),=A319,=J319-H319,=G319
316,5.41058864857288,=(B321-B319)/2,=G319+1,=D320-($A$2*D320-2*$A320*PI()-$C320*(D320-$A320)-$B320)/($A$2-$C320),=E320-($A$2*E320-2*$A320*PI()-$C320*(E320-$A320)-$B320)/($A$2-$C320),=F320-($A$2*F320-2*$A320*PI()-$C320*(F320-$A320)-$B320)/($A$2-$C320),=A320,=J320-H320,=G320
317,5.42817362374988,=(B322-B320)/2,=G320+1,=D321-($A$2*D321-2*$A321*PI()-$C321*(D321-$A321)-$B321)/($A$2-$C321),=E321-($A$2*E321-2*$A321*PI()-$C321*(E321-$A321)-$B321)/($A$2-$C321),=F321-($A$2*F321-2*$A321*PI()-$C321*(F321-$A321)-$B321)/($A$2-$C321),=A321,=J321-H321,=G321
318,5.44576631057855,=(B323-B321)/2,=G321+1,=D322-($A$2*D322-2*$A322*PI()-$C322*(D322-$A322)-$B322)/($A$2-$C322),=E322-($A$2*E322-2*$A322*PI()-$C322*(E322-$A322)-$B322)/($A$2-$C322),=F322-($A$2*F322-2*$A322*PI()-$C322*(F322-$A322)-$B322)/($A$2-$C322),=A322,=J322-H322,=G322
319,5.46336659484553,=(B324-B322)/2,=G322+1,=D323-($A$2*D323-2*$A323*PI()-$C323*(D323-$A323)-$B323)/($A$2-$C323),=E323-($A$2*E323-2*$A323*PI()-$C323*(E323-$A323)-$B323)/($A$2-$C323),=F323-($A$2*F323-2*$A323*PI()-$C323*(F323-$A323)-$B323)/($A$2-$C323),=A323,=J323-H323,=G323
320,5.48097435970335,=(B325-B323)/2,=G323+1,=D324-($A$2*D324-2*$A324*PI()-$C324*(D324-$A324)-$B324)/($A$2-$C324),=E324-($A$2*E324-2*$A324*PI()-$C324*(E324-$A324)-$B324)/($A$2-$C324),=F324-($A$2*F324-2*$A324*PI()-$C324*(F324-$A324)-$B324)/($A$2-$C324),=A324,=J324-H324,=G324
321,5.49858948570319,=(B326-B324)/2,=G324+1,=D325-($A$2*D325-2*$A325*PI()-$C325*(D325-$A325)-$B325)/($A$2-$C325),=E325-($A$2*E325-2*$A325*PI()-$C325*(E325-$A325)-$B325)/($A$2-$C325),=F325-($A$2*F325-2*$A325*PI()-$C325*(F325-$A325)-$B325)/($A$2-$C325),=A325,=J325-H325,=G325
322,5.51621185082885,=(B327-B325)/2,=G325+1,=D326-($A$2*D326-2*$A326*PI()-$C326*(D326-$A326)-$B326)/($A$2-$C326),=E326-($A$2*E326-2*$A326*PI()-$C326*(E326-$A326)-$B326)/($A$2-$C326),=F326-($A$2*F326-2*$A326*PI()-$C326*(F326-$A326)-$B326)/($A$2-$C326),=A326,=J326-H326,=G326
323,5.5338413305321,=(B328-B326)/2,=G326+1,=D327-($A$2*D327-2*$A327*PI()-$C327*(D327-$A327)-$B327)/($A$2-$C327),=E327-($A$2*E327-2*$A327*PI()-$C327*(E327-$A327)-$B327)/($A$2-$C327),=F327-($A$2*F327-2*$A327*PI()-$C327*(F327-$A327)-$B327)/($A$2-$C327),=A327,=J327-H327,=G327
324,5.55147779776912,=(B329-B327)/2,=G327+1,=D328-($A$2*D328-2*$A328*PI()-$C328*(D328-$A328)-$B328)/($A$2-$C328),=E328-($A$2*E328-2*$A328*PI()-$C328*(E328-$A328)-$B328)/($A$2-$C328),=F328-($A$2*F328-2*$A328*PI()-$C328*(F328-$A328)-$B328)/($A$2-$C328),=A328,=J328-H328,=G328
325,5.5691211230383,=(B330-B328)/2,=G328+1,=D329-($A$2*D329-2*$A329*PI()-$C329*(D329-$A329)-$B329)/($A$2-$C329),=E329-($A$2*E329-2*$A329*PI()-$C329*(E329-$A329)-$B329)/($A$2-$C329),=F329-($A$2*F329-2*$A329*PI()-$C329*(F329-$A329)-$B329)/($A$2-$C329),=A329,=J329-H329,=G329
326,5.58677117441921,=(B331-B329)/2,=G329+1,=D330-($A$2*D330-2*$A330*PI()-$C330*(D330-$A330)-$B330)/($A$2-$C330),=E330-($A$2*E330-2*$A330*PI()-$C330*(E330-$A330)-$B330)/($A$2-$C330),=F330-($A$2*F330-2*$A330*PI()-$C330*(F330-$A330)-$B330)/($A$2-$C330),=A330,=J330-H330,=G330
327,5.60442781761279,=(B332-B330)/2,=G330+1,=D331-($A$2*D331-2*$A331*PI()-$C331*(D331-$A331)-$B331)/($A$2-$C331),=E331-($A$2*E331-2*$A331*PI()-$C331*(E331-$A331)-$B331)/($A$2-$C331),=F331-($A$2*F331-2*$A331*PI()-$C331*(F331-$A331)-$B331)/($A$2-$C331),=A331,=J331-H331,=G331
328,5.62209091598279,=(B333-B331)/2,=G331+1,=D332-($A$2*D332-2*$A332*PI()-$C332*(D332-$A332)-$B332)/($A$2-$C332),=E332-($A$2*E332-2*$A332*PI()-$C332*(E332-$A332)-$B332)/($A$2-$C332),=F332-($A$2*F332-2*$A332*PI()-$C332*(F332-$A332)-$B332)/($A$2-$C332),=A332,=J332-H332,=G332
329,5.63976033059833,=(B334-B332)/2,=G332+1,=D333-($A$2*D333-2*$A333*PI()-$C333*(D333-$A333)-$B333)/($A$2-$C333),=E333-($A$2*E333-2*$A333*PI()-$C333*(E333-$A333)-$B333)/($A$2-$C333),=F333-($A$2*F333-2*$A333*PI()-$C333*(F333-$A333)-$B333)/($A$2-$C333),=A333,=J333-H333,=G333
330,5.65743592027771,=(B335-B333)/2,=G333+1,=D334-($A$2*D334-2*$A334*PI()-$C334*(D334-$A334)-$B334)/($A$2-$C334),=E334-($A$2*E334-2*$A334*PI()-$C334*(E334-$A334)-$B334)/($A$2-$C334),=F334-($A$2*F334-2*$A334*PI()-$C334*(F334-$A334)-$B334)/($A$2-$C334),=A334,=J334-H334,=G334
331,5.67511754163336,=(B336-B334)/2,=G334+1,=D335-($A$2*D335-2*$A335*PI()-$C335*(D335-$A335)-$B335)/($A$2-$C335),=E335-($A$2*E335-2*$A335*PI()-$C335*(E335-$A335)-$B335)/($A$2-$C335),=F335-($A$2*F335-2*$A335*PI()-$C335*(F335-$A335)-$B335)/($A$2-$C335),=A335,=J335-H335,=G335
332,5.69280504911791,=(B337-B335)/2,=G335+1,=D336-($A$2*D336-2*$A336*PI()-$C336*(D336-$A336)-$B336)/($A$2-$C336),=E336-($A$2*E336-2*$A336*PI()-$C336*(E336-$A336)-$B336)/($A$2-$C336),=F336-($A$2*F336-2*$A336*PI()-$C336*(F336-$A336)-$B336)/($A$2-$C336),=A336,=J336-H336,=G336
333,5.71049829507144,=(B338-B336)/2,=G336+1,=D337-($A$2*D337-2*$A337*PI()-$C337*(D337-$A337)-$B337)/($A$2-$C337),=E337-($A$2*E337-2*$A337*PI()-$C337*(E337-$A337)-$B337)/($A$2-$C337),=F337-($A$2*F337-2*$A337*PI()-$C337*(F337-$A337)-$B337)/($A$2-$C337),=A337,=J337-H337,=G337
334,5.72819712976984,=(B339-B337)/2,=G337+1,=D338-($A$2*D338-2*$A338*PI()-$C338*(D338-$A338)-$B338)/($A$2-$C338),=E338-($A$2*E338-2*$A338*PI()-$C338*(E338-$A338)-$B338)/($A$2-$C338),=F338-($A$2*F338-2*$A338*PI()-$C338*(F338-$A338)-$B338)/($A$2-$C338),=A338,=J338-H338,=G338
335,5.74590140147421,=(B340-B338)/2,=G338+1,=D339-($A$2*D339-2*$A339*PI()-$C339*(D339-$A339)-$B339)/($A$2-$C339),=E339-($A$2*E339-2*$A339*PI()-$C339*(E339-$A339)-$B339)/($A$2-$C339),=F339-($A$2*F339-2*$A339*PI()-$C339*(F339-$A339)-$B339)/($A$2-$C339),=A339,=J339-H339,=G339
336,5.76361095648139,=(B341-B339)/2,=G339+1,=D340-($A$2*D340-2*$A340*PI()-$C340*(D340-$A340)-$B340)/($A$2-$C340),=E340-($A$2*E340-2*$A340*PI()-$C340*(E340-$A340)-$B340)/($A$2-$C340),=F340-($A$2*F340-2*$A340*PI()-$C340*(F340-$A340)-$B340)/($A$2-$C340),=A340,=J340-H340,=G340
337,5.78132563917555,=(B342-B340)/2,=G340+1,=D341-($A$2*D341-2*$A341*PI()-$C341*(D341-$A341)-$B341)/($A$2-$C341),=E341-($A$2*E341-2*$A341*PI()-$C341*(E341-$A341)-$B341)/($A$2-$C341),=F341-($A$2*F341-2*$A341*PI()-$C341*(F341-$A341)-$B341)/($A$2-$C341),=A341,=J341-H341,=G341
338,5.79904529208077,=(B343-B341)/2,=G341+1,=D342-($A$2*D342-2*$A342*PI()-$C342*(D342-$A342)-$B342)/($A$2-$C342),=E342-($A$2*E342-2*$A342*PI()-$C342*(E342-$A342)-$B342)/($A$2-$C342),=F342-($A$2*F342-2*$A342*PI()-$C342*(F342-$A342)-$B342)/($A$2-$C342),=A342,=J342-H342,=G342
339,5.81676975591465,=(B344-B342)/2,=G342+1,=D343-($A$2*D343-2*$A343*PI()-$C343*(D343-$A343)-$B343)/($A$2-$C343),=E343-($A$2*E343-2*$A343*PI()-$C343*(E343-$A343)-$B343)/($A$2-$C343),=F343-($A$2*F343-2*$A343*PI()-$C343*(F343-$A343)-$B343)/($A$2-$C343),=A343,=J343-H343,=G343
340,5.83449886964292,=(B345-B343)/2,=G343+1,=D344-($A$2*D344-2*$A344*PI()-$C344*(D344-$A344)-$B344)/($A$2-$C344),=E344-($A$2*E344-2*$A344*PI()-$C344*(E344-$A344)-$B344)/($A$2-$C344),=F344-($A$2*F344-2*$A344*PI()-$C344*(F344-$A344)-$B344)/($A$2-$C344),=A344,=J344-H344,=G344
341,5.85223247053497,=(B346-B344)/2,=G344+1,=D345-($A$2*D345-2*$A345*PI()-$C345*(D345-$A345)-$B345)/($A$2-$C345),=E345-($A$2*E345-2*$A345*PI()-$C345*(E345-$A345)-$B345)/($A$2-$C345),=F345-($A$2*F345-2*$A345*PI()-$C345*(F345-$A345)-$B345)/($A$2-$C345),=A345,=J345-H345,=G345
342,5.86997039422036,=(B347-B345)/2,=G345+1,=D346-($A$2*D346-2*$A346*PI()-$C346*(D346-$A346)-$B346)/($A$2-$C346),=E346-($A$2*E346-2*$A346*PI()-$C346*(E346-$A346)-$B346)/($A$2-$C346),=F346-($A$2*F346-2*$A346*PI()-$C346*(F346-$A346)-$B346)/($A$2-$C346),=A346,=J346-H346,=G346
343,5.88771247474621,=(B348-B346)/2,=G346+1,=D347-($A$2*D347-2*$A347*PI()-$C347*(D347-$A347)-$B347)/($A$2-$C347),=E347-($A$2*E347-2*$A347*PI()-$C347*(E347-$A347)-$B347)/($A$2-$C347),=F347-($A$2*F347-2*$A347*PI()-$C347*(F347-$A347)-$B347)/($A$2-$C347),=A347,=J347-H347,=G347
344,5.90545854463545,=(B349-B347)/2,=G347+1,=D348-($A$2*D348-2*$A348*PI()-$C348*(D348-$A348)-$B348)/($A$2-$C348),=E348-($A$2*E348-2*$A348*PI()-$C348*(E348-$A348)-$B348)/($A$2-$C348),=F348-($A$2*F348-2*$A348*PI()-$C348*(F348-$A348)-$B348)/($A$2-$C348),=A348,=J348-H348,=G348
345,5.92320843494599,=(B350-B348)/2,=G348+1,=D349-($A$2*D349-2*$A349*PI()-$C349*(D349-$A349)-$B349)/($A$2-$C349),=E349-($A$2*E349-2*$A349*PI()-$C349*(E349-$A349)-$B349)/($A$2-$C349),=F349-($A$2*F349-2*$A349*PI()-$C349*(F349-$A349)-$B349)/($A$2-$C349),=A349,=J349-H349,=G349
346,5.94096197533061,=(B351-B349)/2,=G349+1,=D350-($A$2*D350-2*$A350*PI()-$C350*(D350-$A350)-$B350)/($A$2-$C350),=E350-($A$2*E350-2*$A350*PI()-$C350*(E350-$A350)-$B350)/($A$2-$C350),=F350-($A$2*F350-2*$A350*PI()-$C350*(F350-$A350)-$B350)/($A$2-$C350),=A350,=J350-H350,=G350
347,5.95871899409772,=(B352-B350)/2,=G350+1,=D351-($A$2*D351-2*$A351*PI()-$C351*(D351-$A351)-$B351)/($A$2-$C351),=E351-($A$2*E351-2*$A351*PI()-$C351*(E351-$A351)-$B351)/($A$2-$C351),=F351-($A$2*F351-2*$A351*PI()-$C351*(F351-$A351)-$B351)/($A$2-$C351),=A351,=J351-H351,=G351
348,5.97647931827286,=(B353-B351)/2,=G351+1,=D352-($A$2*D352-2*$A352*PI()-$C352*(D352-$A352)-$B352)/($A$2-$C352),=E352-($A$2*E352-2*$A352*PI()-$C352*(E352-$A352)-$B352)/($A$2-$C352),=F352-($A$2*F352-2*$A352*PI()-$C352*(F352-$A352)-$B352)/($A$2-$C352),=A352,=J352-H352,=G352
349,5.99424277366087,=(B354-B352)/2,=G352+1,=D353-($A$2*D353-2*$A353*PI()-$C353*(D353-$A353)-$B353)/($A$2-$C353),=E353-($A$2*E353-2*$A353*PI()-$C353*(E353-$A353)-$B353)/($A$2-$C353),=F353-($A$2*F353-2*$A353*PI()-$C353*(F353-$A353)-$B353)/($A$2-$C353),=A353,=J353-H353,=G353
350,6.01200918490884,=(B355-B353)/2,=G353+1,=D354-($A$2*D354-2*$A354*PI()-$C354*(D354-$A354)-$B354)/($A$2-$C354),=E354-($A$2*E354-2*$A354*PI()-$C354*(E354-$A354)-$B354)/($A$2-$C354),=F354-($A$2*F354-2*$A354*PI()-$C354*(F354-$A354)-$B354)/($A$2-$C354),=A354,=J354-H354,=G354
351,6.02977837556968,=(B356-B354)/2,=G354+1,=D355-($A$2*D355-2*$A355*PI()-$C355*(D355-$A355)-$B355)/($A$2-$C355),=E355-($A$2*E355-2*$A355*PI()-$C355*(E355-$A355)-$B355)/($A$2-$C355),=F355-($A$2*F355-2*$A355*PI()-$C355*(F355-$A355)-$B355)/($A$2-$C355),=A355,=J355-H355,=G355
352,6.04755016816628,=(B357-B355)/2,=G355+1,=D356-($A$2*D356-2*$A356*PI()-$C356*(D356-$A356)-$B356)/($A$2-$C356),=E356-($A$2*E356-2*$A356*PI()-$C356*(E356-$A356)-$B356)/($A$2-$C356),=F356-($A$2*F356-2*$A356*PI()-$C356*(F356-$A356)-$B356)/($A$2-$C356),=A356,=J356-H356,=G356
353,6.06532438425629,=(B358-B356)/2,=G356+1,=D357-($A$2*D357-2*$A357*PI()-$C357*(D357-$A357)-$B357)/($A$2-$C357),=E357-($A$2*E357-2*$A357*PI()-$C357*(E357-$A357)-$B357)/($A$2-$C357),=F357-($A$2*F357-2*$A357*PI()-$C357*(F357-$A357)-$B357)/($A$2-$C357),=A357,=J357-H357,=G357
354,6.08310084449751,=(B359-B357)/2,=G357+1,=D358-($A$2*D358-2*$A358*PI()-$C358*(D358-$A358)-$B358)/($A$2-$C358),=E358-($A$2*E358-2*$A358*PI()-$C358*(E358-$A358)-$B358)/($A$2-$C358),=F358-($A$2*F358-2*$A358*PI()-$C358*(F358-$A358)-$B358)/($A$2-$C358),=A358,=J358-H358,=G358
355,6.10087936871366,=(B360-B358)/2,=G358+1,=D359-($A$2*D359-2*$A359*PI()-$C359*(D359-$A359)-$B359)/($A$2-$C359),=E359-($A$2*E359-2*$A359*PI()-$C359*(E359-$A359)-$B359)/($A$2-$C359),=F359-($A$2*F359-2*$A359*PI()-$C359*(F359-$A359)-$B359)/($A$2-$C359),=A359,=J359-H359,=G359
356,6.1186597759608,=(B361-B359)/2,=G359+1,=D360-($A$2*D360-2*$A360*PI()-$C360*(D360-$A360)-$B360)/($A$2-$C360),=E360-($A$2*E360-2*$A360*PI()-$C360*(E360-$A360)-$B360)/($A$2-$C360),=F360-($A$2*F360-2*$A360*PI()-$C360*(F360-$A360)-$B360)/($A$2-$C360),=A360,=J360-H360,=G360
357,6.13644188459403,=(B362-B360)/2,=G360+1,=D361-($A$2*D361-2*$A361*PI()-$C361*(D361-$A361)-$B361)/($A$2-$C361),=E361-($A$2*E361-2*$A361*PI()-$C361*(E361-$A361)-$B361)/($A$2-$C361),=F361-($A$2*F361-2*$A361*PI()-$C361*(F361-$A361)-$B361)/($A$2-$C361),=A361,=J361-H361,=G361
358,6.15422551233472,=(B363-B361)/2,=G361+1,=D362-($A$2*D362-2*$A362*PI()-$C362*(D362-$A362)-$B362)/($A$2-$C362),=E362-($A$2*E362-2*$A362*PI()-$C362*(E362-$A362)-$B362)/($A$2-$C362),=F362-($A$2*F362-2*$A362*PI()-$C362*(F362-$A362)-$B362)/($A$2-$C362),=A362,=J362-H362,=G362
359,6.17201047633806,=(B364-B362)/2,=G362+1,=D363-($A$2*D363-2*$A363*PI()-$C363*(D363-$A363)-$B363)/($A$2-$C363),=E363-($A$2*E363-2*$A363*PI()-$C363*(E363-$A363)-$B363)/($A$2-$C363),=F363-($A$2*F363-2*$A363*PI()-$C363*(F363-$A363)-$B363)/($A$2-$C363),=A363,=J363-H363,=G363
360,6.1897965932609,=(B365-B363)/2,=G363+1,=D364-($A$2*D364-2*$A364*PI()-$C364*(D364-$A364)-$B364)/($A$2-$C364),=E364-($A$2*E364-2*$A364*PI()-$C364*(E364-$A364)-$B364)/($A$2-$C364),=F364-($A$2*F364-2*$A364*PI()-$C364*(F364-$A364)-$B364)/($A$2-$C364),=A364,=J364-H364,=G364
361,6.20758367932995,=(B366-B364)/2,=G364+1,=D365-($A$2*D365-2*$A365*PI()-$C365*(D365-$A365)-$B365)/($A$2-$C365),=E365-($A$2*E365-2*$A365*PI()-$C365*(E365-$A365)-$B365)/($A$2-$C365),=F365-($A$2*F365-2*$A365*PI()-$C365*(F365-$A365)-$B365)/($A$2-$C365),=A365,=J365-H365,=G365
362,6.22537155041022,=(B367-B365)/2,=G365+1,=D366-($A$2*D366-2*$A366*PI()-$C366*(D366-$A366)-$B366)/($A$2-$C366),=E366-($A$2*E366-2*$A366*PI()-$C366*(E366-$A366)-$B366)/($A$2-$C366),=F366-($A$2*F366-2*$A366*PI()-$C366*(F366-$A366)-$B366)/($A$2-$C366),=A366,=J366-H366,=G366
363,6.24316002207359,=(B368-B366)/2,=G366+1,=D367-($A$2*D367-2*$A367*PI()-$C367*(D367-$A367)-$B367)/($A$2-$C367),=E367-($A$2*E367-2*$A367*PI()-$C367*(E367-$A367)-$B367)/($A$2-$C367),=F367-($A$2*F367-2*$A367*PI()-$C367*(F367-$A367)-$B367)/($A$2-$C367),=A367,=J367-H367,=G367
364,6.26094890966766,=(B369-B367)/2,=G367+1,=D368-($A$2*D368-2*$A368*PI()-$C368*(D368-$A368)-$B368)/($A$2-$C368),=E368-($A$2*E368-2*$A368*PI()-$C368*(E368-$A368)-$B368)/($A$2-$C368),=F368-($A$2*F368-2*$A368*PI()-$C368*(F368-$A368)-$B368)/($A$2-$C368),=A368,=J368-H368,=G368
365,6.27873802838466,=C368,=G368+1,=D369-($A$2*D369-2*$A369*PI()-$C369*(D369-$A369)-$B369)/($A$2-$C369),=E369-($A$2*E369-2*$A369*PI()-$C369*(E369-$A369)-$B369)/($A$2-$C369),=F369-($A$2*F369-2*$A369*PI()-$C369*(F369-$A369)-$B369)/($A$2-$C369),=A369,=J369-H369,=G369
366,6.29652719333047,=C369,=G369+1,=D370-($A$2*D370-2*$A370*PI()-$C370*(D370-$A370)-$B370)/($A$2-$C370),=E370-($A$2*E370-2*$A370*PI()-$C370*(E370-$A370)-$B370)/($A$2-$C370),=F370-($A$2*F370-2*$A370*PI()-$C370*(F370-$A370)-$B370)/($A$2-$C370),=A370,=J370-H370,=G370
